game_id,_id_game,over_under,Result
8787,664f7ee136cf90b9bbe8c333,240.5,Under
8788,664f7ee136cf90b9bbe8c334,229.0,Over
8789,664f7ee136cf90b9bbe8c335,228.5,Over
8790,664f7ee136cf90b9bbe8c336,218.0,Under
8791,664f7ee136cf90b9bbe8c337,219.5,Over
8792,664f7ee136cf90b9bbe8c338,219.5,Under
8793,664f7ee136cf90b9bbe8c339,218.5,Over
8846,664f7ee136cf90b9bbe8c33a,231.0,Under
8847,664f7ee136cf90b9bbe8c33b,217.0,Over
8848,664f7ee136cf90b9bbe8c33c,224.5,Under
8849,664f7ee136cf90b9bbe8c33d,234.0,Under
8850,664f7ee136cf90b9bbe8c33e,219.0,Under
8851,664f7ee136cf90b9bbe8c33f,200.0,Over
8893,664f7ee136cf90b9bbe8c340,219.0,Over
8894,664f7ee136cf90b9bbe8c341,217.5,Under
8895,664f7ee136cf90b9bbe8c342,216.0,Under
8896,664f7ee136cf90b9bbe8c343,212.5,Under
8897,664f7ee136cf90b9bbe8c344,211.5,Under
8899,664f7ee136cf90b9bbe8c346,219.5,Over
8900,664f7ee136cf90b9bbe8c347,222.5,Under
8901,664f7ee136cf90b9bbe8c348,213.0,Over
8902,664f7ee136cf90b9bbe8c349,217.5,Under
8903,664f7ee136cf90b9bbe8c34a,226.5,Under
8904,664f7ee136cf90b9bbe8c34b,219.5,Under
8905,664f7ee136cf90b9bbe8c34c,212.5,Under
8906,664f7ee136cf90b9bbe8c34d,218.5,Under
8907,664f7ee136cf90b9bbe8c34e,213.5,Under
8908,664f7ee136cf90b9bbe8c34f,219.5,Over
8909,664f7ee136cf90b9bbe8c350,215.0,Under
8910,664f7ee136cf90b9bbe8c351,212.0,Under
8911,664f7ee136cf90b9bbe8c352,214.5,Under
8912,664f7ee136cf90b9bbe8c353,236.5,Under
8913,664f7ee136cf90b9bbe8c354,205.0,Under
8917,664f7ee136cf90b9bbe8c358,223.0,Under
8918,664f7ee136cf90b9bbe8c359,232.0,Over
8919,664f7ee136cf90b9bbe8c35a,215.0,Under
8920,664f7ee136cf90b9bbe8c35b,214.0,Over
8921,664f7ee136cf90b9bbe8c35c,210.5,Over
8922,664f7ee136cf90b9bbe8c35d,211.5,Under
8923,664f7ee136cf90b9bbe8c35e,221.0,Over
8924,664f7ee136cf90b9bbe8c35f,223.5,Under
8925,664f7ee136cf90b9bbe8c360,209.5,Over
8926,664f7ee136cf90b9bbe8c361,209.0,Over
8927,664f7ee136cf90b9bbe8c362,211.0,Under
8928,664f7ee136cf90b9bbe8c363,219.5,Under
8929,664f7ee136cf90b9bbe8c364,224.5,Under
8930,664f7ee136cf90b9bbe8c365,211.0,Under
8931,664f7ee136cf90b9bbe8c366,220.5,Over
8932,664f7ee136cf90b9bbe8c367,224.5,Over
8933,664f7ee136cf90b9bbe8c368,210.0,Under
8934,664f7ee136cf90b9bbe8c369,212.5,Over
8935,664f7ee136cf90b9bbe8c36a,221.0,Over
8936,664f7ee136cf90b9bbe8c36b,211.5,Under
8937,664f7ee136cf90b9bbe8c36c,209.0,Under
8938,664f7ee136cf90b9bbe8c36d,222.0,Over
8939,664f7ee136cf90b9bbe8c36e,223.5,Under
9094,664f7ee136cf90b9bbe8c36f,217.0,Under
9095,664f7ee136cf90b9bbe8c370,207.5,Under
9096,664f7ee136cf90b9bbe8c371,210.5,Under
9097,664f7ee136cf90b9bbe8c372,215.0,Under
9098,664f7ee136cf90b9bbe8c373,220.5,Over
9099,664f7ee136cf90b9bbe8c374,210.5,Over
9100,664f7ee136cf90b9bbe8c375,217.0,Over
9101,664f7ee136cf90b9bbe8c376,215.0,Under
9102,664f7ee136cf90b9bbe8c377,219.5,Under
9103,664f7ee136cf90b9bbe8c378,216.0,Under
9104,664f7ee136cf90b9bbe8c379,227.0,Under
9105,664f7ee136cf90b9bbe8c37a,217.5,Over
9106,664f7ee136cf90b9bbe8c37b,206.0,Over
9107,664f7ee136cf90b9bbe8c37c,216.5,Over
9108,664f7ee136cf90b9bbe8c37d,197.5,Under
9109,664f7ee136cf90b9bbe8c37e,206.0,Under
9110,664f7ee136cf90b9bbe8c37f,230.0,Over
9111,664f7ee136cf90b9bbe8c380,217.0,Over
9112,664f7ee136cf90b9bbe8c381,216.5,Over
9113,664f7ee136cf90b9bbe8c382,214.5,Over
9114,664f7ee136cf90b9bbe8c383,213.5,Over
9115,664f7ee136cf90b9bbe8c384,217.0,Under
9116,664f7ee136cf90b9bbe8c385,210.5,Over
9117,664f7ee136cf90b9bbe8c386,215.5,Over
9118,664f7ee136cf90b9bbe8c387,216.0,Under
9119,664f7ee136cf90b9bbe8c388,223.0,Under
9120,664f7ee136cf90b9bbe8c389,209.0,Over
9121,664f7ee136cf90b9bbe8c38a,205.5,Under
9122,664f7ee136cf90b9bbe8c38b,218.0,Under
9123,664f7ee136cf90b9bbe8c38c,217.0,Over
9124,664f7ee136cf90b9bbe8c38d,215.0,Under
9125,664f7ee136cf90b9bbe8c38e,210.0,Over
9126,664f7ee136cf90b9bbe8c38f,215.5,Under
9127,664f7ee136cf90b9bbe8c390,218.0,Over
9128,664f7ee136cf90b9bbe8c391,205.5,Over
9129,664f7ee136cf90b9bbe8c392,220.0,Under
9130,664f7ee136cf90b9bbe8c393,208.5,Over
9131,664f7ee136cf90b9bbe8c394,218.0,Under
9132,664f7ee136cf90b9bbe8c395,218.0,Over
9134,664f7ee136cf90b9bbe8c397,215.0,Under
9135,664f7ee236cf90b9bbe8c398,211.5,Over
9136,664f7ee236cf90b9bbe8c399,225.0,Over
9137,664f7ee236cf90b9bbe8c39a,212.5,Under
9138,664f7ee236cf90b9bbe8c39b,222.0,Over
9139,664f7ee236cf90b9bbe8c39c,214.5,Over
9140,664f7ee236cf90b9bbe8c39d,215.5,Over
9141,664f7ee236cf90b9bbe8c39e,206.5,Over
9142,664f7ee236cf90b9bbe8c39f,214.0,Under
9143,664f7ee236cf90b9bbe8c3a0,213.5,Under
9144,664f7ee236cf90b9bbe8c3a1,215.0,Over
9145,664f7ee236cf90b9bbe8c3a2,221.5,Over
9146,664f7ee236cf90b9bbe8c3a3,215.5,Under
9147,664f7ee236cf90b9bbe8c3a4,218.0,Over
9148,664f7ee236cf90b9bbe8c3a5,215.0,Under
9149,664f7ee236cf90b9bbe8c3a6,217.5,Under
9150,664f7ee236cf90b9bbe8c3a7,212.5,Over
9151,664f7ee236cf90b9bbe8c3a8,215.5,Over
9152,664f7ee236cf90b9bbe8c3a9,211.5,Over
9153,664f7ee236cf90b9bbe8c3aa,209.5,Under
9154,664f7ee236cf90b9bbe8c3ab,217.5,Over
9155,664f7ee236cf90b9bbe8c3ac,212.5,Over
9156,664f7ee236cf90b9bbe8c3ad,214.5,Over
9157,664f7ee236cf90b9bbe8c3ae,209.0,Over
9158,664f7ee236cf90b9bbe8c3af,223.0,Under
9159,664f7ee236cf90b9bbe8c3b0,219.5,Under
9160,664f7ee236cf90b9bbe8c3b1,218.5,Over
9163,664f7ee236cf90b9bbe8c3b2,222.5,Over
9164,664f7ee236cf90b9bbe8c3b3,209.5,Over
9165,664f7ee236cf90b9bbe8c3b4,219.5,Under
9166,664f7ee236cf90b9bbe8c3b5,223.0,Under
9167,664f7ee236cf90b9bbe8c3b6,216.5,Over
9168,664f7ee236cf90b9bbe8c3b7,228.0,Over
9169,664f7ee236cf90b9bbe8c3b8,212.0,Under
9170,664f7ee236cf90b9bbe8c3b9,215.5,Over
9171,664f7ee236cf90b9bbe8c3ba,205.5,Under
9172,664f7ee236cf90b9bbe8c3bb,225.0,Over
9173,664f7ee236cf90b9bbe8c3bc,213.5,Over
9174,664f7ee236cf90b9bbe8c3bd,211.5,Under
9175,664f7ee236cf90b9bbe8c3be,217.0,Under
9176,664f7ee236cf90b9bbe8c3bf,213.0,Under
9178,664f7ee236cf90b9bbe8c3c1,216.5,Over
9179,664f7ee236cf90b9bbe8c3c2,223.5,Under
9180,664f7ee236cf90b9bbe8c3c3,210.0,Under
9181,664f7ee236cf90b9bbe8c3c4,225.5,Under
9182,664f7ee236cf90b9bbe8c3c5,212.5,Under
9183,664f7ee236cf90b9bbe8c3c6,219.0,Over
9184,664f7ee236cf90b9bbe8c3c7,217.0,Under
9185,664f7ee236cf90b9bbe8c3c8,211.5,Over
9186,664f7ee236cf90b9bbe8c3c9,196.5,Under
9187,664f7ee236cf90b9bbe8c3ca,220.0,Under
9188,664f7ee236cf90b9bbe8c3cb,223.0,Over
9189,664f7ee236cf90b9bbe8c3cc,219.5,Under
9190,664f7ee236cf90b9bbe8c3cd,208.0,Under
9191,664f7ee236cf90b9bbe8c3ce,214.5,Under
9192,664f7ee236cf90b9bbe8c3cf,222.0,Over
9193,664f7ee236cf90b9bbe8c3d0,227.0,Over
9194,664f7ee236cf90b9bbe8c3d1,212.0,Over
9195,664f7ee236cf90b9bbe8c3d2,209.5,Over
9196,664f7ee236cf90b9bbe8c3d3,216.5,Under
9197,664f7ee236cf90b9bbe8c3d4,206.0,Over
9198,664f7ee236cf90b9bbe8c3d5,211.5,Under
9199,664f7ee236cf90b9bbe8c3d6,246.5,Over
9200,664f7ee236cf90b9bbe8c3d7,211.5,Under
9201,664f7ee236cf90b9bbe8c3d8,220.0,Under
9202,664f7ee236cf90b9bbe8c3d9,217.0,Over
9203,664f7ee236cf90b9bbe8c3da,217.0,Under
9204,664f7ee236cf90b9bbe8c3db,223.5,Under
9205,664f7ee236cf90b9bbe8c3dc,203.5,Under
9206,664f7ee236cf90b9bbe8c3dd,212.5,Under
9207,664f7ee236cf90b9bbe8c3de,217.5,Under
9208,664f7ee236cf90b9bbe8c3df,211.5,Over
9210,664f7ee236cf90b9bbe8c3e0,223.5,Over
9211,664f7ee236cf90b9bbe8c3e1,218.0,Over
9212,664f7ee236cf90b9bbe8c3e2,218.5,Under
9213,664f7ee236cf90b9bbe8c3e3,226.0,Under
9214,664f7ee236cf90b9bbe8c3e4,246.5,Under
9215,664f7ee236cf90b9bbe8c3e5,216.5,Over
9216,664f7ee236cf90b9bbe8c3e6,223.0,Over
9217,664f7ee236cf90b9bbe8c3e7,216.5,Over
9218,664f7ee236cf90b9bbe8c3e8,213.0,Over
9219,664f7ee236cf90b9bbe8c3e9,221.5,Under
9220,664f7ee236cf90b9bbe8c3ea,221.5,Over
9221,664f7ee236cf90b9bbe8c3eb,219.0,Under
9222,664f7ee236cf90b9bbe8c3ec,222.0,Under
9223,664f7ee236cf90b9bbe8c3ed,223.5,Over
9224,664f7ee236cf90b9bbe8c3ee,216.0,Over
9225,664f7ee236cf90b9bbe8c3ef,223.5,Over
9226,664f7ee236cf90b9bbe8c3f0,221.0,Over
9227,664f7ee236cf90b9bbe8c3f1,215.0,Over
9309,664f7ee236cf90b9bbe8c3f2,230.0,Under
9310,664f7ee236cf90b9bbe8c3f3,220.5,Under
9311,664f7ee236cf90b9bbe8c3f4,221.0,Under
9312,664f7ee236cf90b9bbe8c3f5,218.5,Over
9314,664f7ee236cf90b9bbe8c3f7,220.5,Over
9317,664f7ee236cf90b9bbe8c3fa,217.5,Under
9318,664f7ee236cf90b9bbe8c3fb,231.0,Under
9319,664f7ee236cf90b9bbe8c3fc,220.0,Over
9320,664f7ee236cf90b9bbe8c3fd,216.5,Over
9573,664f7ee236cf90b9bbe8c454,227.5,Over
9574,664f7ee236cf90b9bbe8c455,223.5,Under
9575,664f7ee236cf90b9bbe8c456,215.5,Over
9576,664f7ee236cf90b9bbe8c457,221.5,Under
9577,664f7ee236cf90b9bbe8c458,224.0,Under
9578,664f7ee236cf90b9bbe8c459,234.5,Over
9579,664f7ee236cf90b9bbe8c45a,224.5,Under
9580,664f7ee236cf90b9bbe8c45b,224.5,Over
9581,664f7ee236cf90b9bbe8c45c,226.0,Over
9583,664f7ee236cf90b9bbe8c45e,211.5,Over
9584,664f7ee236cf90b9bbe8c45f,247.5,Over
9585,664f7ee236cf90b9bbe8c460,218.0,Under
9586,664f7ee236cf90b9bbe8c461,228.5,Under
9587,664f7ee236cf90b9bbe8c462,223.0,Over
9588,664f7ee236cf90b9bbe8c463,224.0,Under
9589,664f7ee236cf90b9bbe8c464,221.5,Under
9590,664f7ee236cf90b9bbe8c465,223.0,Under
9591,664f7ee236cf90b9bbe8c466,226.5,Under
9592,664f7ee236cf90b9bbe8c467,207.5,Under
9593,664f7ee236cf90b9bbe8c468,224.0,Under
9594,664f7ee236cf90b9bbe8c469,205.5,Under
9595,664f7ee236cf90b9bbe8c46a,181.5,Under
9596,664f7ee236cf90b9bbe8c46b,230.5,Under
9597,664f7ee236cf90b9bbe8c46c,226.0,Over
9598,664f7ee236cf90b9bbe8c46d,232.0,Over
9599,664f7ee236cf90b9bbe8c46e,226.0,Over
9600,664f7ee236cf90b9bbe8c46f,231.5,Under
9601,664f7ee236cf90b9bbe8c470,215.0,Under
9602,664f7ee236cf90b9bbe8c471,226.0,Under
9603,664f7ee236cf90b9bbe8c472,216.0,Over
9604,664f7ee236cf90b9bbe8c473,234.5,Under
9605,664f7ee236cf90b9bbe8c474,221.0,Over
9606,664f7ee236cf90b9bbe8c475,236.5,Over
9607,664f7ee236cf90b9bbe8c476,232.5,Under
9608,664f7ee236cf90b9bbe8c477,221.5,Over
9609,664f7ee236cf90b9bbe8c478,203.0,Under
9611,664f7ee236cf90b9bbe8c47a,221.5,Under
9612,664f7ee236cf90b9bbe8c47b,224.0,Under
9613,664f7ee236cf90b9bbe8c47c,204.0,Under
9614,664f7ee236cf90b9bbe8c47d,234.5,Under
9615,664f7ee236cf90b9bbe8c47e,209.5,Over
9616,664f7ee236cf90b9bbe8c47f,224.0,Under
9617,664f7ee236cf90b9bbe8c480,220.5,Over
9618,664f7ee236cf90b9bbe8c481,220.5,Over
9619,664f7ee236cf90b9bbe8c482,219.0,Over
9620,664f7ee236cf90b9bbe8c483,217.0,Over
9621,664f7ee236cf90b9bbe8c484,224.5,Under
9622,664f7ee236cf90b9bbe8c485,218.0,Under
9623,664f7ee236cf90b9bbe8c486,214.0,Over
9624,664f7ee236cf90b9bbe8c487,221.5,Under
9631,664f7ee236cf90b9bbe8c488,223.5,Over
9632,664f7ee236cf90b9bbe8c489,216.5,Under
9633,664f7ee236cf90b9bbe8c48a,222.5,Under
9634,664f7ee236cf90b9bbe8c48b,220.0,Under
9635,664f7ee236cf90b9bbe8c48c,233.0,Under
9636,664f7ee236cf90b9bbe8c48d,199.5,Over
9637,664f7ee236cf90b9bbe8c48e,223.0,Under
9638,664f7ee236cf90b9bbe8c48f,222.0,Under
9639,664f7ee236cf90b9bbe8c490,221.5,Over
9640,664f7ee236cf90b9bbe8c491,216.0,Under
9641,664f7ee236cf90b9bbe8c492,226.5,Under
9642,664f7ee236cf90b9bbe8c493,221.5,Under
9643,664f7ee236cf90b9bbe8c494,213.5,Over
9644,664f7ee236cf90b9bbe8c495,206.0,Over
9645,664f7ee236cf90b9bbe8c496,215.0,Over
9646,664f7ee236cf90b9bbe8c497,207.5,Under
9648,664f7ee236cf90b9bbe8c499,219.5,Under
9650,664f7ee236cf90b9bbe8c49b,223.5,Under
9651,664f7ee236cf90b9bbe8c49c,220.5,Under
9652,664f7ee236cf90b9bbe8c49d,219.5,Under
9653,664f7ee236cf90b9bbe8c49e,216.0,Under
9656,664f7ee236cf90b9bbe8c4a1,224.5,Under
9658,664f7ee236cf90b9bbe8c4a3,224.5,Under
9659,664f7ee236cf90b9bbe8c4a4,220.5,Over
9660,664f7ee236cf90b9bbe8c4a5,243.0,Over
9661,664f7ee236cf90b9bbe8c4a6,215.5,Over
9662,664f7ee236cf90b9bbe8c4a7,222.5,Over
9663,664f7ee236cf90b9bbe8c4a8,228.5,Over
9664,664f7ee236cf90b9bbe8c4a9,208.0,Over
9665,664f7ee236cf90b9bbe8c4aa,214.5,Under
9666,664f7ee236cf90b9bbe8c4ab,217.5,Under
9667,664f7ee236cf90b9bbe8c4ac,210.0,Under
9670,664f7ee236cf90b9bbe8c4af,219.0,Over
9719,664f7ee236cf90b9bbe8c4b1,225.5,Over
9720,664f7ee236cf90b9bbe8c4b2,215.5,Over
9721,664f7ee236cf90b9bbe8c4b3,222.5,Under
9722,664f7ee236cf90b9bbe8c4b4,221.0,Over
9723,664f7ee236cf90b9bbe8c4b5,195.5,Under
9724,664f7ee236cf90b9bbe8c4b6,207.5,Over
9725,664f7ee236cf90b9bbe8c4b7,209.0,Under
9726,664f7ee236cf90b9bbe8c4b8,215.5,Under
9727,664f7ee236cf90b9bbe8c4b9,217.0,Under
9728,664f7ee236cf90b9bbe8c4ba,226.5,Under
9729,664f7ee236cf90b9bbe8c4bb,214.5,Over
9730,664f7ee236cf90b9bbe8c4bc,203.5,Over
9731,664f7ee236cf90b9bbe8c4bd,232.5,Over
9732,664f7ee236cf90b9bbe8c4be,205.0,Under
9733,664f7ee236cf90b9bbe8c4bf,225.0,Over
9734,664f7ee236cf90b9bbe8c4c0,221.5,Over
9735,664f7ee236cf90b9bbe8c4c1,215.5,Over
9736,664f7ee236cf90b9bbe8c4c2,217.0,Over
9737,664f7ee236cf90b9bbe8c4c3,216.0,Under
9738,664f7ee236cf90b9bbe8c4c4,211.5,Over
9739,664f7ee236cf90b9bbe8c4c5,212.5,Under
9740,664f7ee236cf90b9bbe8c4c6,212.5,Over
9741,664f7ee236cf90b9bbe8c4c7,195.5,Under
9742,664f7ee236cf90b9bbe8c4c8,222.5,Under
9743,664f7ee236cf90b9bbe8c4c9,221.5,Under
9744,664f7ee236cf90b9bbe8c4ca,233.5,Under
9745,664f7ee236cf90b9bbe8c4cb,219.0,Under
9746,664f7ee236cf90b9bbe8c4cc,220.0,Over
9747,664f7ee236cf90b9bbe8c4cd,214.5,Under
9748,664f7ee236cf90b9bbe8c4ce,221.5,Under
9749,664f7ee236cf90b9bbe8c4cf,225.0,Under
9750,664f7ee236cf90b9bbe8c4d0,214.0,Over
9751,664f7ee236cf90b9bbe8c4d1,219.5,Over
9752,664f7ee236cf90b9bbe8c4d2,203.5,Under
9753,664f7ee236cf90b9bbe8c4d3,219.0,Under
9754,664f7ee236cf90b9bbe8c4d4,207.5,Over
9755,664f7ee236cf90b9bbe8c4d5,201.0,Under
9756,664f7ee236cf90b9bbe8c4d6,220.5,Over
9757,664f7ee236cf90b9bbe8c4d7,221.5,Under
9758,664f7ee236cf90b9bbe8c4d8,214.5,Over
9759,664f7ee236cf90b9bbe8c4d9,227.5,Under
9760,664f7ee236cf90b9bbe8c4da,223.0,Under
9761,664f7ee236cf90b9bbe8c4db,216.5,Under
9762,664f7ee236cf90b9bbe8c4dc,215.0,Over
9763,664f7ee236cf90b9bbe8c4dd,218.0,Under
9764,664f7ee236cf90b9bbe8c4de,178.0,Over
9765,664f7ee236cf90b9bbe8c4df,213.5,Over
9766,664f7ee236cf90b9bbe8c4e0,201.5,Over
9767,664f7ee236cf90b9bbe8c4e1,215.5,Over
9768,664f7ee236cf90b9bbe8c4e2,212.0,Under
9769,664f7ee236cf90b9bbe8c4e3,209.5,Over
9770,664f7ee236cf90b9bbe8c4e4,219.0,Over
9771,664f7ee236cf90b9bbe8c4e5,223.5,Under
9772,664f7ee236cf90b9bbe8c4e6,207.5,Under
9773,664f7ee236cf90b9bbe8c4e7,211.5,Over
9774,664f7ee236cf90b9bbe8c4e8,215.0,Over
9775,664f7ee236cf90b9bbe8c4e9,220.0,Under
9776,664f7ee236cf90b9bbe8c4ea,218.5,Under
9777,664f7ee236cf90b9bbe8c4eb,220.0,Under
9778,664f7ee236cf90b9bbe8c4ec,220.5,Under
9779,664f7ee236cf90b9bbe8c4ed,198.0,Under
9780,664f7ee236cf90b9bbe8c4ee,214.0,Under
9781,664f7ee236cf90b9bbe8c4ef,206.5,Over
9782,664f7ee236cf90b9bbe8c4f0,212.5,Under
9783,664f7ee236cf90b9bbe8c4f1,208.5,Under
9784,664f7ee236cf90b9bbe8c4f2,222.0,Under
9785,664f7ee236cf90b9bbe8c4f3,227.0,Under
9786,664f7ee236cf90b9bbe8c4f4,195.5,Under
9787,664f7ee236cf90b9bbe8c4f5,213.0,Under
9788,664f7ee236cf90b9bbe8c4f6,219.5,Under
9790,664f7ee236cf90b9bbe8c4f8,193.5,Over
9791,664f7ee236cf90b9bbe8c4f9,221.0,Over
9792,664f7ee236cf90b9bbe8c4fa,228.5,Under
9793,664f7ee236cf90b9bbe8c4fb,209.5,Under
9794,664f7ee236cf90b9bbe8c4fc,213.0,Over
9795,664f7ee236cf90b9bbe8c4fd,215.0,Over
9796,664f7ee236cf90b9bbe8c4fe,210.0,Under
9797,664f7ee236cf90b9bbe8c4ff,212.5,Over
9798,664f7ee236cf90b9bbe8c500,209.0,Over
9799,664f7ee236cf90b9bbe8c501,214.5,Under
9800,664f7ee236cf90b9bbe8c502,215.5,Under
9801,664f7ee236cf90b9bbe8c503,209.5,Over
9802,664f7ee236cf90b9bbe8c504,211.5,Over
9803,664f7ee236cf90b9bbe8c505,218.0,Under
9804,664f7ee236cf90b9bbe8c506,204.5,Over
9805,664f7ee236cf90b9bbe8c507,207.5,Under
9806,664f7ee236cf90b9bbe8c508,207.0,Under
9807,664f7ee236cf90b9bbe8c509,227.5,Under
9808,664f7ee236cf90b9bbe8c50a,205.5,Over
9809,664f7ee236cf90b9bbe8c50b,215.5,Over
9810,664f7ee236cf90b9bbe8c50c,220.5,Over
9811,664f7ee236cf90b9bbe8c50d,218.0,Over
9812,664f7ee236cf90b9bbe8c50e,221.5,Over
9814,664f7ee236cf90b9bbe8c510,235.5,Over
9815,664f7ee236cf90b9bbe8c511,212.5,Under
9816,664f7ee236cf90b9bbe8c512,231.5,Under
9817,664f7ee236cf90b9bbe8c513,216.5,Over
9818,664f7ee236cf90b9bbe8c514,207.0,Over
9819,664f7ee236cf90b9bbe8c515,214.5,Under
9820,664f7ee236cf90b9bbe8c516,212.5,Over
9821,664f7ee236cf90b9bbe8c517,213.0,Under
9822,664f7ee236cf90b9bbe8c518,215.0,Under
9823,664f7ee236cf90b9bbe8c519,218.5,Under
9824,664f7ee236cf90b9bbe8c51a,214.5,Under
9825,664f7ee236cf90b9bbe8c51b,220.0,Over
9826,664f7ee236cf90b9bbe8c51c,221.5,Over
9827,664f7ee236cf90b9bbe8c51d,219.5,Under
9828,664f7ee236cf90b9bbe8c51e,207.5,Under
9829,664f7ee236cf90b9bbe8c51f,214.0,Under
9830,664f7ee236cf90b9bbe8c520,214.5,Over
9831,664f7ee236cf90b9bbe8c521,211.5,Over
9832,664f7ee236cf90b9bbe8c522,210.5,Over
9833,664f7ee236cf90b9bbe8c523,225.5,Over
9834,664f7ee236cf90b9bbe8c524,219.0,Under
9835,664f7ee236cf90b9bbe8c525,217.0,Over
9836,664f7ee236cf90b9bbe8c526,217.0,Over
9837,664f7ee236cf90b9bbe8c527,217.5,Over
9838,664f7ee236cf90b9bbe8c528,213.5,Under
9839,664f7ee236cf90b9bbe8c529,220.5,Under
9840,664f7ee236cf90b9bbe8c52a,210.5,Over
9841,664f7ee236cf90b9bbe8c52b,208.0,Over
9842,664f7ee236cf90b9bbe8c52c,223.5,Over
9843,664f7ee236cf90b9bbe8c52d,217.0,Under
9844,664f7ee236cf90b9bbe8c52e,225.5,Over
9845,664f7ee236cf90b9bbe8c52f,205.5,Under
9846,664f7ee236cf90b9bbe8c530,231.5,Over
9847,664f7ee236cf90b9bbe8c531,214.5,Over
9848,664f7ee236cf90b9bbe8c532,212.5,Under
9849,664f7ee236cf90b9bbe8c533,210.0,Over
9850,664f7ee236cf90b9bbe8c534,226.5,Over
9851,664f7ee236cf90b9bbe8c535,208.0,Under
9852,664f7ee236cf90b9bbe8c536,213.5,Under
9853,664f7ee236cf90b9bbe8c537,214.0,Over
9854,664f7ee236cf90b9bbe8c538,218.0,Under
9855,664f7ee236cf90b9bbe8c539,227.5,Under
9856,664f7ee236cf90b9bbe8c53a,229.0,Over
9857,664f7ee236cf90b9bbe8c53b,197.5,Over
9858,664f7ee236cf90b9bbe8c53c,208.0,Under
9859,664f7ee236cf90b9bbe8c53d,222.0,Under
9860,664f7ee236cf90b9bbe8c53e,205.0,Under
9861,664f7ee236cf90b9bbe8c53f,202.5,Over
9862,664f7ee236cf90b9bbe8c540,221.5,Over
9863,664f7ee236cf90b9bbe8c541,212.5,Over
9864,664f7ee236cf90b9bbe8c542,215.0,Over
9865,664f7ee236cf90b9bbe8c543,216.0,Under
9866,664f7ee236cf90b9bbe8c544,208.5,Over
9867,664f7ee236cf90b9bbe8c545,207.5,Under
9868,664f7ee236cf90b9bbe8c546,223.0,Over
9869,664f7ee236cf90b9bbe8c547,216.5,Under
9870,664f7ee236cf90b9bbe8c548,200.5,Under
9871,664f7ee236cf90b9bbe8c549,203.5,Over
9872,664f7ee236cf90b9bbe8c54a,224.5,Over
9940,664f7ee236cf90b9bbe8c54b,213.0,Over
9941,664f7ee236cf90b9bbe8c54c,216.0,Under
9988,664f7ee236cf90b9bbe8c54d,235.5,Over
10007,664f7ee236cf90b9bbe8c54e,211.0,Under
10008,664f7ee236cf90b9bbe8c54f,203.5,Over
10009,664f7ee236cf90b9bbe8c550,208.5,Under
10010,664f7ee236cf90b9bbe8c551,210.5,Over
10011,664f7ee236cf90b9bbe8c552,214.0,Under
10012,664f7ee236cf90b9bbe8c553,223.0,Under
10013,664f7ee236cf90b9bbe8c554,216.0,Over
10014,664f7ee236cf90b9bbe8c555,197.0,Under
10015,664f7ee236cf90b9bbe8c556,220.0,Under
10016,664f7ee236cf90b9bbe8c557,231.5,Over
10018,664f7ee236cf90b9bbe8c559,218.5,Over
10019,664f7ee236cf90b9bbe8c55a,206.5,Over
10020,664f7ee236cf90b9bbe8c55b,214.0,Over
10021,664f7ee236cf90b9bbe8c55c,225.5,Over
10022,664f7ee236cf90b9bbe8c55d,214.5,Under
10023,664f7ee236cf90b9bbe8c55e,219.0,Under
10024,664f7ee236cf90b9bbe8c55f,228.0,Over
10025,664f7ee236cf90b9bbe8c560,216.0,Under
10026,664f7ee236cf90b9bbe8c561,234.0,Under
10027,664f7ee236cf90b9bbe8c562,221.0,Under
10028,664f7ee236cf90b9bbe8c563,217.5,Under
10029,664f7ee236cf90b9bbe8c564,219.5,Over
10030,664f7ee236cf90b9bbe8c565,211.5,Over
10031,664f7ee236cf90b9bbe8c566,206.0,Under
10032,664f7ee236cf90b9bbe8c567,219.0,Under
10033,664f7ee236cf90b9bbe8c568,212.5,Over
10034,664f7ee236cf90b9bbe8c569,219.5,Under
10035,664f7ee236cf90b9bbe8c56a,209.0,Under
10037,664f7ee236cf90b9bbe8c56c,216.5,Under
10038,664f7ee236cf90b9bbe8c56d,224.5,Over
10039,664f7ee236cf90b9bbe8c56e,214.5,Under
10040,664f7ee236cf90b9bbe8c56f,218.5,Under
10041,664f7ee236cf90b9bbe8c570,219.0,Over
10042,664f7ee236cf90b9bbe8c571,210.5,Over
10043,664f7ee236cf90b9bbe8c572,204.5,Under
10044,664f7ee236cf90b9bbe8c573,207.0,Over
10045,664f7ee236cf90b9bbe8c574,219.5,Over
10046,664f7ee236cf90b9bbe8c575,204.5,Under
10047,664f7ee236cf90b9bbe8c576,229.5,Under
10048,664f7ee236cf90b9bbe8c577,215.0,Under
10049,664f7ee236cf90b9bbe8c578,226.0,Over
10050,664f7ee236cf90b9bbe8c579,217.0,Under
10051,664f7ee236cf90b9bbe8c57a,226.5,Under
10052,664f7ee236cf90b9bbe8c57b,223.5,Over
10053,664f7ee236cf90b9bbe8c57c,218.0,Under
10055,664f7ee236cf90b9bbe8c57e,227.5,Under
10056,664f7ee236cf90b9bbe8c57f,233.0,Over
10057,664f7ee236cf90b9bbe8c580,223.5,Over
10058,664f7ee236cf90b9bbe8c581,207.5,Under
10059,664f7ee236cf90b9bbe8c582,208.0,Over
10060,664f7ee236cf90b9bbe8c583,208.5,Over
10061,664f7ee236cf90b9bbe8c584,225.0,Over
10062,664f7ee236cf90b9bbe8c585,210.5,Over
10063,664f7ee236cf90b9bbe8c586,219.5,Over
10064,664f7ee236cf90b9bbe8c587,219.5,Under
10065,664f7ee236cf90b9bbe8c588,211.5,Under
10066,664f7ee236cf90b9bbe8c589,215.5,Over
10068,664f7ee236cf90b9bbe8c58b,214.0,Under
10069,664f7ee236cf90b9bbe8c58c,233.5,Under
10070,664f7ee236cf90b9bbe8c58d,222.5,Over
10071,664f7ee236cf90b9bbe8c58e,214.5,Over
10072,664f7ee236cf90b9bbe8c58f,214.5,Over
10074,664f7ee236cf90b9bbe8c591,213.5,Over
10075,664f7ee236cf90b9bbe8c592,221.5,Over
10076,664f7ee236cf90b9bbe8c593,228.5,Over
10077,664f7ee236cf90b9bbe8c594,211.0,Under
10078,664f7ee236cf90b9bbe8c595,208.5,Over
10079,664f7ee236cf90b9bbe8c596,217.0,Under
10080,664f7ee236cf90b9bbe8c597,219.0,Over
10081,664f7ee236cf90b9bbe8c598,214.0,Under
10082,664f7ee236cf90b9bbe8c599,227.5,Under
10083,664f7ee236cf90b9bbe8c59a,195.5,Under
10084,664f7ee236cf90b9bbe8c59b,248.5,Under
10085,664f7ee236cf90b9bbe8c59c,214.5,Under
10086,664f7ee236cf90b9bbe8c59d,224.5,Under
10087,664f7ee236cf90b9bbe8c59e,217.0,Under
10100,664f7ee236cf90b9bbe8c59f,228.5,Under
10101,664f7ee236cf90b9bbe8c5a0,209.0,Under
10102,664f7ee236cf90b9bbe8c5a1,222.5,Over
10103,664f7ee236cf90b9bbe8c5a2,227.0,Over
10104,664f7ee236cf90b9bbe8c5a3,233.5,Over
10106,664f7ee236cf90b9bbe8c5a5,214.5,Over
10107,664f7ee236cf90b9bbe8c5a6,222.0,Over
10109,664f7ee236cf90b9bbe8c5a8,221.5,Over
10111,664f7ee236cf90b9bbe8c5aa,213.0,Over
10112,664f7ee236cf90b9bbe8c5ab,207.5,Over
10113,664f7ee236cf90b9bbe8c5ac,226.0,Over
10114,664f7ee236cf90b9bbe8c5ad,234.0,Under
10116,664f7ee236cf90b9bbe8c5af,221.0,Under
10117,664f7ee236cf90b9bbe8c5b0,235.5,Over
10118,664f7ee236cf90b9bbe8c5b1,232.0,Over
10119,664f7ee236cf90b9bbe8c5b2,228.0,Under
10120,664f7ee236cf90b9bbe8c5b3,217.5,Under
10121,664f7ee236cf90b9bbe8c5b4,226.5,Under
10126,664f7ee236cf90b9bbe8c5b9,216.0,Over
10129,664f7ee236cf90b9bbe8c5bc,205.5,Under
10130,664f7ee236cf90b9bbe8c5bd,225.5,Over
10131,664f7ee236cf90b9bbe8c5be,232.0,Over
10132,664f7ee236cf90b9bbe8c5bf,233.5,Over
10133,664f7ee236cf90b9bbe8c5c0,220.5,Over
10134,664f7ee236cf90b9bbe8c5c1,230.5,Under
10135,664f7ee236cf90b9bbe8c5c2,222.0,Under
10136,664f7ee236cf90b9bbe8c5c3,217.0,Over
10137,664f7ee236cf90b9bbe8c5c4,213.0,Under
10138,664f7ee236cf90b9bbe8c5c5,222.0,Over
10139,664f7ee236cf90b9bbe8c5c6,217.5,Under
10140,664f7ee236cf90b9bbe8c5c7,224.5,Under
10141,664f7ee236cf90b9bbe8c5c8,217.0,Over
10142,664f7ee236cf90b9bbe8c5c9,235.0,Under
10143,664f7ee236cf90b9bbe8c5ca,214.5,Under
10144,664f7ee236cf90b9bbe8c5cb,209.5,Under
10145,664f7ee236cf90b9bbe8c5cc,212.0,Under
10146,664f7ee236cf90b9bbe8c5cd,222.5,Under
10147,664f7ee236cf90b9bbe8c5ce,223.0,Under
10148,664f7ee236cf90b9bbe8c5cf,232.0,Under
10149,664f7ee236cf90b9bbe8c5d0,225.5,Over
10150,664f7ee236cf90b9bbe8c5d1,256.5,Under
10151,664f7ee236cf90b9bbe8c5d2,249.5,Under
10152,664f7ee236cf90b9bbe8c5d3,235.5,Over
10153,664f7ee236cf90b9bbe8c5d4,226.5,Over
10154,664f7ee236cf90b9bbe8c5d5,230.5,Over
10155,664f7ee236cf90b9bbe8c5d6,215.0,Under
10156,664f7ee236cf90b9bbe8c5d7,214.0,Over
10157,664f7ee236cf90b9bbe8c5d8,235.5,Under
10158,664f7ee236cf90b9bbe8c5d9,212.0,Under
10159,664f7ee236cf90b9bbe8c5da,226.5,Over
10160,664f7ee236cf90b9bbe8c5db,208.0,Under
10161,664f7ee236cf90b9bbe8c5dc,216.5,Over
10163,664f7ee236cf90b9bbe8c5de,204.5,Under
10164,664f7ee236cf90b9bbe8c5df,220.5,Under
10165,664f7ee236cf90b9bbe8c5e0,228.5,Over
10166,664f7ee236cf90b9bbe8c5e1,214.0,Under
10167,664f7ee236cf90b9bbe8c5e2,225.0,Over
10168,664f7ee236cf90b9bbe8c5e3,220.5,Under
10169,664f7ee236cf90b9bbe8c5e4,215.5,Under
10170,664f7ee236cf90b9bbe8c5e5,222.0,Under
10171,664f7ee236cf90b9bbe8c5e6,226.5,Over
10172,664f7ee236cf90b9bbe8c5e7,235.0,Under
10173,664f7ee236cf90b9bbe8c5e8,224.5,Over
10174,664f7ee236cf90b9bbe8c5e9,214.5,Under
10175,664f7ee236cf90b9bbe8c5ea,213.0,Under
10176,664f7ee236cf90b9bbe8c5eb,220.0,Under
10177,664f7ee236cf90b9bbe8c5ec,217.5,Over
10178,664f7ee236cf90b9bbe8c5ed,226.0,Under
10179,664f7ee236cf90b9bbe8c5ee,218.5,Over
10180,664f7ee236cf90b9bbe8c5ef,226.0,Over
10181,664f7ee236cf90b9bbe8c5f0,213.5,Under
10183,664f7ee236cf90b9bbe8c5f2,222.5,Under
10184,664f7ee236cf90b9bbe8c5f3,229.0,Under
10185,664f7ee236cf90b9bbe8c5f4,213.5,Over
10186,664f7ee236cf90b9bbe8c5f5,210.5,Under
10187,664f7ee236cf90b9bbe8c5f6,205.0,Under
10188,664f7ee236cf90b9bbe8c5f7,234.5,Over
10189,664f7ee236cf90b9bbe8c5f8,223.5,Under
10190,664f7ee236cf90b9bbe8c5f9,237.5,Over
10191,664f7ee236cf90b9bbe8c5fa,231.5,Over
10192,664f7ee236cf90b9bbe8c5fb,222.5,Under
10193,664f7ee236cf90b9bbe8c5fc,229.0,Under
10194,664f7ee236cf90b9bbe8c5fd,207.5,Under
10195,664f7ee236cf90b9bbe8c5fe,225.0,Over
10196,664f7ee236cf90b9bbe8c5ff,216.5,Over
10197,664f7ee236cf90b9bbe8c600,223.5,Over
10198,664f7ee236cf90b9bbe8c601,214.5,Under
10199,664f7ee236cf90b9bbe8c602,219.0,Under
10200,664f7ee236cf90b9bbe8c603,207.5,Over
10201,664f7ee236cf90b9bbe8c604,222.5,Over
10202,664f7ee236cf90b9bbe8c605,225.5,Over
10203,664f7ee236cf90b9bbe8c606,220.0,Over
10204,664f7ee236cf90b9bbe8c607,218.5,Under
10205,664f7ee236cf90b9bbe8c608,239.0,Over
10206,664f7ee236cf90b9bbe8c609,221.5,Under
10207,664f7ee236cf90b9bbe8c60a,232.5,Under
10208,664f7ee236cf90b9bbe8c60b,219.0,Over
10209,664f7ee236cf90b9bbe8c60c,231.0,Under
10210,664f7ee236cf90b9bbe8c60d,213.0,Under
10211,664f7ee236cf90b9bbe8c60e,208.0,Over
10212,664f7ee236cf90b9bbe8c60f,214.0,Over
10213,664f7ee236cf90b9bbe8c610,220.5,Under
10214,664f7ee236cf90b9bbe8c611,225.0,Over
10215,664f7ee236cf90b9bbe8c612,210.5,Under
10216,664f7ee236cf90b9bbe8c613,229.5,Over
10217,664f7ee236cf90b9bbe8c614,216.0,Over
10218,664f7ee236cf90b9bbe8c615,223.5,Over
10225,664f7ee236cf90b9bbe8c61c,230.0,Over
10226,664f7ee236cf90b9bbe8c61d,219.0,Under
10227,664f7ee236cf90b9bbe8c61e,212.0,Under
10228,664f7ee236cf90b9bbe8c61f,207.5,Under
10229,664f7ee236cf90b9bbe8c620,228.5,Under
10231,664f7ee236cf90b9bbe8c622,216.0,Over
10232,664f7ee236cf90b9bbe8c623,218.5,Under
10233,664f7ee236cf90b9bbe8c624,212.0,Over
10234,664f7ee236cf90b9bbe8c625,244.5,Under
10235,664f7ee236cf90b9bbe8c626,250.5,Over
10236,664f7ee236cf90b9bbe8c627,215.5,Under
10237,664f7ee236cf90b9bbe8c628,211.5,Under
10238,664f7ee236cf90b9bbe8c629,212.5,Over
10239,664f7ee236cf90b9bbe8c62a,236.5,Over
10240,664f7ee236cf90b9bbe8c62b,207.5,Under
10241,664f7ee236cf90b9bbe8c62c,232.5,Under
10242,664f7ee236cf90b9bbe8c62d,232.5,Under
10243,664f7ee236cf90b9bbe8c62e,217.5,Over
10244,664f7ee236cf90b9bbe8c62f,223.5,Over
10245,664f7ee236cf90b9bbe8c630,225.0,Under
10246,664f7ee236cf90b9bbe8c631,193.5,Under
10247,664f7ee236cf90b9bbe8c632,215.0,Under
10248,664f7ee236cf90b9bbe8c633,216.5,Over
10249,664f7ee236cf90b9bbe8c634,223.5,Under
10250,664f7ee236cf90b9bbe8c635,217.5,Over
10251,664f7ee236cf90b9bbe8c636,214.0,Under
10252,664f7ee236cf90b9bbe8c637,217.5,Over
10253,664f7ee236cf90b9bbe8c638,212.0,Over
10254,664f7ee236cf90b9bbe8c639,217.0,Under
10255,664f7ee236cf90b9bbe8c63a,227.5,Under
10256,664f7ee236cf90b9bbe8c63b,234.5,Under
10257,664f7ee236cf90b9bbe8c63c,224.5,Over
10258,664f7ee236cf90b9bbe8c63d,216.5,Under
10259,664f7ee236cf90b9bbe8c63e,229.5,Under
10260,664f7ee236cf90b9bbe8c63f,209.0,Under
10261,664f7ee236cf90b9bbe8c640,232.5,Over
10262,664f7ee236cf90b9bbe8c641,217.5,Under
10263,664f7ee236cf90b9bbe8c642,206.5,Over
10264,664f7ee236cf90b9bbe8c643,217.5,Under
10265,664f7ee236cf90b9bbe8c644,216.5,Over
10266,664f7ee236cf90b9bbe8c645,216.5,Under
10267,664f7ee236cf90b9bbe8c646,213.5,Over
10268,664f7ee236cf90b9bbe8c647,234.5,Under
10269,664f7ee236cf90b9bbe8c648,222.5,Over
10270,664f7ee236cf90b9bbe8c649,217.0,Under
10271,664f7ee236cf90b9bbe8c64a,236.5,Over
10272,664f7ee236cf90b9bbe8c64b,216.0,Over
10273,664f7ee236cf90b9bbe8c64c,218.0,Under
10274,664f7ee236cf90b9bbe8c64d,197.5,Under
10275,664f7ee236cf90b9bbe8c64e,231.0,Over
10276,664f7ee236cf90b9bbe8c64f,227.5,Under
10277,664f7ee236cf90b9bbe8c650,217.5,Over
10278,664f7ee236cf90b9bbe8c651,221.0,Over
10279,664f7ee236cf90b9bbe8c652,219.0,Under
10280,664f7ee236cf90b9bbe8c653,228.5,Over
10281,664f7ee236cf90b9bbe8c654,215.0,Over
10282,664f7ee236cf90b9bbe8c655,218.5,Under
10283,664f7ee236cf90b9bbe8c656,225.0,Under
10284,664f7ee236cf90b9bbe8c657,235.0,Over
10285,664f7ee236cf90b9bbe8c658,210.5,Over
10286,664f7ee236cf90b9bbe8c659,234.0,Under
10287,664f7ee236cf90b9bbe8c65a,227.5,Under
10288,664f7ee236cf90b9bbe8c65b,229.0,Over
10289,664f7ee236cf90b9bbe8c65c,213.0,Under
10290,664f7ee236cf90b9bbe8c65d,230.5,Under
10291,664f7ee236cf90b9bbe8c65e,216.5,Over
10292,664f7ee236cf90b9bbe8c65f,201.5,Over
10293,664f7ee236cf90b9bbe8c660,229.0,Under
10294,664f7ee236cf90b9bbe8c661,213.5,Over
10295,664f7ee236cf90b9bbe8c662,221.5,Under
10296,664f7ee236cf90b9bbe8c663,223.5,Under
10297,664f7ee236cf90b9bbe8c664,215.5,Over
10298,664f7ee236cf90b9bbe8c665,218.0,Under
10299,664f7ee236cf90b9bbe8c666,228.0,Over
10300,664f7ee236cf90b9bbe8c667,223.5,Over
10301,664f7ee236cf90b9bbe8c668,228.5,Under
10302,664f7ee236cf90b9bbe8c669,217.5,Under
10303,664f7ee236cf90b9bbe8c66a,209.5,Over
10304,664f7ee236cf90b9bbe8c66b,223.5,Over
10305,664f7ee236cf90b9bbe8c66c,225.5,Over
10306,664f7ee236cf90b9bbe8c66d,212.5,Over
10307,664f7ee236cf90b9bbe8c66e,232.5,Over
10308,664f7ee236cf90b9bbe8c66f,232.5,Over
10309,664f7ee236cf90b9bbe8c670,216.5,Over
10310,664f7ee236cf90b9bbe8c671,209.5,Under
10311,664f7ee236cf90b9bbe8c672,217.0,Over
10312,664f7ee236cf90b9bbe8c673,219.0,Under
10313,664f7ee236cf90b9bbe8c674,212.0,Over
10314,664f7ee236cf90b9bbe8c675,227.5,Under
10315,664f7ee236cf90b9bbe8c676,225.5,Under
10318,664f7ee236cf90b9bbe8c679,228.5,Over
10319,664f7ee236cf90b9bbe8c67a,212.5,Over
10320,664f7ee236cf90b9bbe8c67b,211.5,Over
10321,664f7ee236cf90b9bbe8c67c,235.0,Over
10322,664f7ee236cf90b9bbe8c67d,226.5,Over
10323,664f7ee236cf90b9bbe8c67e,232.0,Under
10324,664f7ee236cf90b9bbe8c67f,197.5,Under
10325,664f7ee236cf90b9bbe8c680,223.0,Over
10326,664f7ee236cf90b9bbe8c681,217.5,Over
10327,664f7ee236cf90b9bbe8c682,208.5,Over
10328,664f7ee236cf90b9bbe8c683,212.0,Under
10329,664f7ee236cf90b9bbe8c684,230.0,Under
10330,664f7ee236cf90b9bbe8c685,215.0,Under
10331,664f7ee236cf90b9bbe8c686,218.0,Under
10332,664f7ee236cf90b9bbe8c687,213.5,Under
10333,664f7ee236cf90b9bbe8c688,210.5,Under
10334,664f7ee236cf90b9bbe8c689,219.5,Over
10335,664f7ee236cf90b9bbe8c68a,232.5,Over
10336,664f7ee236cf90b9bbe8c68b,237.5,Over
10337,664f7ee236cf90b9bbe8c68c,229.5,Over
10338,664f7ee236cf90b9bbe8c68d,235.5,Over
10339,664f7ee236cf90b9bbe8c68e,210.5,Under
10340,664f7ee236cf90b9bbe8c68f,225.0,Under
10341,664f7ee236cf90b9bbe8c690,216.5,Over
10342,664f7ee236cf90b9bbe8c691,218.0,Over
10343,664f7ee236cf90b9bbe8c692,206.5,Over
10344,664f7ee236cf90b9bbe8c693,216.5,Under
10345,664f7ee236cf90b9bbe8c694,232.0,Under
10346,664f7ee236cf90b9bbe8c695,223.0,Under
10347,664f7ee236cf90b9bbe8c696,225.5,Over
10348,664f7ee236cf90b9bbe8c697,229.0,Over
10349,664f7ee236cf90b9bbe8c698,210.5,Over
10350,664f7ee236cf90b9bbe8c699,225.0,Over
10351,664f7ee236cf90b9bbe8c69a,220.0,Over
10352,664f7ee236cf90b9bbe8c69b,217.0,Under
10353,664f7ee236cf90b9bbe8c69c,189.5,Over
10354,664f7ee236cf90b9bbe8c69d,235.5,Over
10355,664f7ee236cf90b9bbe8c69e,231.0,Over
10356,664f7ee236cf90b9bbe8c69f,209.5,Under
10357,664f7ee236cf90b9bbe8c6a0,227.5,Over
10358,664f7ee236cf90b9bbe8c6a1,227.5,Under
10359,664f7ee236cf90b9bbe8c6a2,222.5,Under
10360,664f7ee236cf90b9bbe8c6a3,214.0,Under
10361,664f7ee236cf90b9bbe8c6a4,227.0,Over
10362,664f7ee236cf90b9bbe8c6a5,227.0,Under
10363,664f7ee236cf90b9bbe8c6a6,219.5,Under
10364,664f7ee236cf90b9bbe8c6a7,213.5,Over
10365,664f7ee236cf90b9bbe8c6a8,230.5,Over
10366,664f7ee236cf90b9bbe8c6a9,214.5,Over
10367,664f7ee236cf90b9bbe8c6aa,220.5,Over
10368,664f7ee236cf90b9bbe8c6ab,230.5,Under
10369,664f7ee236cf90b9bbe8c6ac,227.5,Over
10370,664f7ee236cf90b9bbe8c6ad,213.0,Under
10371,664f7ee236cf90b9bbe8c6ae,215.0,Under
10372,664f7ee236cf90b9bbe8c6af,222.5,Under
10373,664f7ee236cf90b9bbe8c6b0,227.5,Under
10374,664f7ee236cf90b9bbe8c6b1,227.5,Over
10375,664f7ee236cf90b9bbe8c6b2,225.5,Under
10376,664f7ee236cf90b9bbe8c6b3,208.0,Over
10377,664f7ee236cf90b9bbe8c6b4,228.0,Over
10378,664f7ee236cf90b9bbe8c6b5,213.0,Under
10379,664f7ee236cf90b9bbe8c6b6,218.0,Under
10380,664f7ee236cf90b9bbe8c6b7,226.0,Under
10381,664f7ee236cf90b9bbe8c6b8,245.5,Under
10382,664f7ee236cf90b9bbe8c6b9,213.5,Over
10383,664f7ee236cf90b9bbe8c6ba,228.0,Over
10384,664f7ee236cf90b9bbe8c6bb,216.5,Under
10385,664f7ee236cf90b9bbe8c6bc,220.5,Under
10386,664f7ee236cf90b9bbe8c6bd,221.0,Over
10387,664f7ee236cf90b9bbe8c6be,234.0,Over
10388,664f7ee236cf90b9bbe8c6bf,223.5,Under
10389,664f7ee236cf90b9bbe8c6c0,233.0,Over
10390,664f7ee236cf90b9bbe8c6c1,209.5,Under
10391,664f7ee236cf90b9bbe8c6c2,230.5,Under
10392,664f7ee236cf90b9bbe8c6c3,211.5,Over
10393,664f7ee236cf90b9bbe8c6c4,226.5,Under
10394,664f7ee236cf90b9bbe8c6c5,221.5,Under
10395,664f7ee236cf90b9bbe8c6c6,236.0,Over
10396,664f7ee236cf90b9bbe8c6c7,225.0,Over
10397,664f7ee236cf90b9bbe8c6c8,218.0,Over
10398,664f7ee236cf90b9bbe8c6c9,217.0,Under
10399,664f7ee236cf90b9bbe8c6ca,248.5,Over
10400,664f7ee236cf90b9bbe8c6cb,215.5,Over
10401,664f7ee236cf90b9bbe8c6cc,232.5,Over
10402,664f7ee236cf90b9bbe8c6cd,217.5,Over
10403,664f7ee236cf90b9bbe8c6ce,226.5,Over
10404,664f7ee236cf90b9bbe8c6cf,215.5,Over
10405,664f7ee236cf90b9bbe8c6d0,206.5,Under
10406,664f7ee236cf90b9bbe8c6d1,233.0,Over
10407,664f7ee236cf90b9bbe8c6d2,218.5,Under
10408,664f7ee236cf90b9bbe8c6d3,241.5,Over
10409,664f7ee236cf90b9bbe8c6d4,222.5,Under
10410,664f7ee236cf90b9bbe8c6d5,217.5,Under
10411,664f7ee236cf90b9bbe8c6d6,239.0,Over
10412,664f7ee236cf90b9bbe8c6d7,223.5,Over
10413,664f7ee236cf90b9bbe8c6d8,231.5,Over
10414,664f7ee236cf90b9bbe8c6d9,217.5,Under
10415,664f7ee236cf90b9bbe8c6da,223.5,Under
10416,664f7ee236cf90b9bbe8c6db,222.5,Over
10417,664f7ee236cf90b9bbe8c6dc,220.5,Under
10418,664f7ee236cf90b9bbe8c6dd,214.0,Under
10419,664f7ee236cf90b9bbe8c6de,225.5,Over
10420,664f7ee236cf90b9bbe8c6df,222.5,Over
10423,664f7ee236cf90b9bbe8c6e2,215.5,Under
10424,664f7ee236cf90b9bbe8c6e3,213.5,Under
10425,664f7ee236cf90b9bbe8c6e4,216.5,Over
10426,664f7ee236cf90b9bbe8c6e5,237.5,Under
10427,664f7ee236cf90b9bbe8c6e6,225.5,Over
10428,664f7ee236cf90b9bbe8c6e7,216.5,Under
10429,664f7ee236cf90b9bbe8c6e8,224.5,Over
10430,664f7ee236cf90b9bbe8c6e9,232.5,Over
10431,664f7ee236cf90b9bbe8c6ea,218.5,Over
10432,664f7ee236cf90b9bbe8c6eb,231.5,Over
10433,664f7ee236cf90b9bbe8c6ec,207.0,Under
10434,664f7ee236cf90b9bbe8c6ed,213.5,Over
10435,664f7ee236cf90b9bbe8c6ee,238.5,Over
10436,664f7ee236cf90b9bbe8c6ef,243.5,Over
10437,664f7ee236cf90b9bbe8c6f0,226.0,Over
10438,664f7ee236cf90b9bbe8c6f1,221.5,Under
10439,664f7ee236cf90b9bbe8c6f2,226.5,Over
10440,664f7ee236cf90b9bbe8c6f3,214.0,Over
10441,664f7ee236cf90b9bbe8c6f4,224.0,Under
10442,664f7ee236cf90b9bbe8c6f5,215.0,Over
10443,664f7ee236cf90b9bbe8c6f6,233.5,Over
10444,664f7ee236cf90b9bbe8c6f7,231.0,Over
10445,664f7ee236cf90b9bbe8c6f8,203.5,Under
10446,664f7ee236cf90b9bbe8c6f9,218.0,Over
10447,664f7ee236cf90b9bbe8c6fa,234.0,Over
10448,664f7ee236cf90b9bbe8c6fb,227.0,Over
10449,664f7ee236cf90b9bbe8c6fc,227.0,Under
10450,664f7ee236cf90b9bbe8c6fd,228.0,Under
10451,664f7ee236cf90b9bbe8c6fe,217.0,Over
10452,664f7ee236cf90b9bbe8c6ff,223.0,Over
10453,664f7ee236cf90b9bbe8c700,229.5,Over
10454,664f7ee236cf90b9bbe8c701,220.5,Under
10455,664f7ee236cf90b9bbe8c702,214.0,Over
10456,664f7ee236cf90b9bbe8c703,239.5,Under
10457,664f7ee236cf90b9bbe8c704,240.5,Under
10458,664f7ee236cf90b9bbe8c705,221.0,Over
10459,664f7ee236cf90b9bbe8c706,227.0,Under
10460,664f7ee236cf90b9bbe8c707,234.5,Over
10461,664f7ee236cf90b9bbe8c708,225.5,Under
10462,664f7ee236cf90b9bbe8c709,216.5,Over
10463,664f7ee236cf90b9bbe8c70a,229.5,Over
10464,664f7ee236cf90b9bbe8c70b,261.5,Over
10465,664f7ee236cf90b9bbe8c70c,211.0,Over
10466,664f7ee236cf90b9bbe8c70d,228.0,Over
10467,664f7ee236cf90b9bbe8c70e,229.5,Under
10468,664f7ee236cf90b9bbe8c70f,216.5,Over
10469,664f7ee236cf90b9bbe8c710,224.0,Under
10470,664f7ee236cf90b9bbe8c711,215.0,Over
10471,664f7ee236cf90b9bbe8c712,225.5,Over
10472,664f7ee236cf90b9bbe8c713,206.5,Under
10473,664f7ee236cf90b9bbe8c714,221.5,Over
10474,664f7ee236cf90b9bbe8c715,236.0,Under
10475,664f7ee236cf90b9bbe8c716,238.0,Over
10476,664f7ee236cf90b9bbe8c717,237.0,Under
10477,664f7ee236cf90b9bbe8c718,216.0,Over
10478,664f7ee236cf90b9bbe8c719,227.5,Over
10479,664f7ee236cf90b9bbe8c71a,224.5,Over
10480,664f7ee236cf90b9bbe8c71b,219.5,Over
10481,664f7ee236cf90b9bbe8c71c,229.0,Under
10482,664f7ee236cf90b9bbe8c71d,219.0,Under
10483,664f7ee236cf90b9bbe8c71e,231.0,Under
10484,664f7ee236cf90b9bbe8c71f,223.0,Under
10485,664f7ee236cf90b9bbe8c720,218.0,Over
10486,664f7ee236cf90b9bbe8c721,236.5,Under
10487,664f7ee236cf90b9bbe8c722,222.5,Under
10488,664f7ee236cf90b9bbe8c723,238.0,Under
10489,664f7ee236cf90b9bbe8c724,238.0,Under
10490,664f7ee236cf90b9bbe8c725,227.5,Over
10491,664f7ee236cf90b9bbe8c726,219.0,Over
10492,664f7ee236cf90b9bbe8c727,224.5,Under
10493,664f7ee236cf90b9bbe8c728,218.5,Under
10494,664f7ee236cf90b9bbe8c729,230.5,Under
10495,664f7ee236cf90b9bbe8c72a,231.0,Over
10496,664f7ee236cf90b9bbe8c72b,216.5,Under
10497,664f7ee236cf90b9bbe8c72c,215.5,Over
10498,664f7ee236cf90b9bbe8c72d,225.0,Over
10499,664f7ee236cf90b9bbe8c72e,223.5,Over
10500,664f7ee236cf90b9bbe8c72f,236.0,Over
10501,664f7ee236cf90b9bbe8c730,245.5,Under
10502,664f7ee236cf90b9bbe8c731,235.5,Under
10503,664f7ee236cf90b9bbe8c732,226.5,Under
10504,664f7ee236cf90b9bbe8c733,224.5,Under
10505,664f7ee236cf90b9bbe8c734,225.0,Over
10506,664f7ee236cf90b9bbe8c735,229.5,Under
10507,664f7ee236cf90b9bbe8c736,217.0,Under
10508,664f7ee236cf90b9bbe8c737,221.0,Over
10509,664f7ee236cf90b9bbe8c738,243.0,Under
10510,664f7ee236cf90b9bbe8c739,221.5,Over
10511,664f7ee236cf90b9bbe8c73a,243.5,Under
10512,664f7ee236cf90b9bbe8c73b,219.5,Over
10513,664f7ee236cf90b9bbe8c73c,224.5,Over
10514,664f7ee236cf90b9bbe8c73d,231.5,Under
10515,664f7ee236cf90b9bbe8c73e,223.0,Under
10516,664f7ee236cf90b9bbe8c73f,230.5,Over
10517,664f7ee236cf90b9bbe8c740,236.5,Under
10518,664f7ee236cf90b9bbe8c741,222.5,Over
10519,664f7ee236cf90b9bbe8c742,221.5,Over
10520,664f7ee236cf90b9bbe8c743,246.0,Under
10521,664f7ee236cf90b9bbe8c744,214.5,Under
10522,664f7ee236cf90b9bbe8c745,229.5,Under
10523,664f7ee236cf90b9bbe8c746,243.5,Over
10524,664f7ee236cf90b9bbe8c747,228.0,Over
10525,664f7ee236cf90b9bbe8c748,226.5,Over
10526,664f7ee236cf90b9bbe8c749,257.5,Under
10527,664f7ee236cf90b9bbe8c74a,210.0,Under
10528,664f7ee236cf90b9bbe8c74b,227.0,Over
10529,664f7ee236cf90b9bbe8c74c,237.5,Under
10530,664f7ee236cf90b9bbe8c74d,220.0,Under
10531,664f7ee236cf90b9bbe8c74e,221.0,Under
10532,664f7ee236cf90b9bbe8c74f,229.5,Over
10533,664f7ee236cf90b9bbe8c750,227.5,Under
10534,664f7ee236cf90b9bbe8c751,229.0,Under
10535,664f7ee236cf90b9bbe8c752,224.5,Over
10536,664f7ee236cf90b9bbe8c753,237.0,Under
10537,664f7ee236cf90b9bbe8c754,216.0,Under
10538,664f7ee236cf90b9bbe8c755,234.0,Under
10539,664f7ee236cf90b9bbe8c756,231.5,Over
10540,664f7ee236cf90b9bbe8c757,236.5,Over
10541,664f7ee236cf90b9bbe8c758,222.5,Over
10542,664f7ee236cf90b9bbe8c759,224.5,Under
10543,664f7ee236cf90b9bbe8c75a,227.5,Over
10544,664f7ee236cf90b9bbe8c75b,254.0,Over
10545,664f7ee236cf90b9bbe8c75c,224.0,Under
10546,664f7ee236cf90b9bbe8c75d,226.5,Under
10547,664f7ee236cf90b9bbe8c75e,223.5,Under
10548,664f7ee236cf90b9bbe8c75f,219.0,Under
10549,664f7ee236cf90b9bbe8c760,236.5,Over
10552,664f7ee236cf90b9bbe8c763,222.5,Under
10553,664f7ee236cf90b9bbe8c764,216.0,Under
10555,664f7ee236cf90b9bbe8c766,224.0,Under
10556,664f7ee236cf90b9bbe8c767,238.5,Under
10557,664f7ee236cf90b9bbe8c768,220.0,Over
10558,664f7ee236cf90b9bbe8c769,235.5,Under
10559,664f7ee236cf90b9bbe8c76a,229.5,Under
10560,664f7ee236cf90b9bbe8c76b,240.5,Under
10561,664f7ee236cf90b9bbe8c76c,226.5,Under
10562,664f7ee236cf90b9bbe8c76d,219.5,Under
10563,664f7ee236cf90b9bbe8c76e,209.5,Over
10564,664f7ee236cf90b9bbe8c76f,227.0,Under
10565,664f7ee236cf90b9bbe8c770,230.0,Over
10566,664f7ee236cf90b9bbe8c771,220.5,Over
10567,664f7ee236cf90b9bbe8c772,228.5,Under
10568,664f7ee236cf90b9bbe8c773,221.0,Over
10569,664f7ee236cf90b9bbe8c774,228.5,Over
10570,664f7ee236cf90b9bbe8c775,231.0,Under
10571,664f7ee236cf90b9bbe8c776,197.5,Under
10572,664f7ee236cf90b9bbe8c777,239.5,Under
10573,664f7ee236cf90b9bbe8c778,238.0,Under
10574,664f7ee236cf90b9bbe8c779,225.0,Over
10575,664f7ee236cf90b9bbe8c77a,228.5,Over
10576,664f7ee236cf90b9bbe8c77b,220.5,Over
10577,664f7ee236cf90b9bbe8c77c,220.5,Under
10578,664f7ee236cf90b9bbe8c77d,218.5,Under
10579,664f7ee236cf90b9bbe8c77e,217.0,Under
10580,664f7ee236cf90b9bbe8c77f,218.5,Over
10581,664f7ee236cf90b9bbe8c780,236.5,Over
10582,664f7ee236cf90b9bbe8c781,228.0,Over
10583,664f7ee236cf90b9bbe8c782,230.0,Over
10584,664f7ee236cf90b9bbe8c783,228.0,Over
10585,664f7ee236cf90b9bbe8c784,211.5,Over
10586,664f7ee236cf90b9bbe8c785,232.5,Over
10587,664f7ee236cf90b9bbe8c786,228.5,Under
10588,664f7ee236cf90b9bbe8c787,252.5,Under
10589,664f7ee236cf90b9bbe8c788,261.5,Over
10590,664f7ee236cf90b9bbe8c789,225.0,Over
10591,664f7ee236cf90b9bbe8c78a,236.5,Under
10592,664f7ee236cf90b9bbe8c78b,232.0,Under
10593,664f7ee236cf90b9bbe8c78c,226.5,Under
10595,664f7ee236cf90b9bbe8c78e,253.5,Over
10596,664f7ee236cf90b9bbe8c78f,210.5,Under
10597,664f7ee236cf90b9bbe8c790,231.5,Over
10598,664f7ee236cf90b9bbe8c791,240.5,Under
10599,664f7ee236cf90b9bbe8c792,217.5,Over
10600,664f7ee236cf90b9bbe8c793,238.5,Under
10601,664f7ee236cf90b9bbe8c794,229.5,Under
10602,664f7ee236cf90b9bbe8c795,222.0,Over
10603,664f7ee236cf90b9bbe8c796,235.5,Over
10604,664f7ee236cf90b9bbe8c797,227.5,Over
10605,664f7ee236cf90b9bbe8c798,230.5,Over
10606,664f7ee236cf90b9bbe8c799,224.5,Over
10607,664f7ee236cf90b9bbe8c79a,214.5,Under
10608,664f7ee236cf90b9bbe8c79b,242.0,Over
10609,664f7ee236cf90b9bbe8c79c,214.5,Under
10610,664f7ee236cf90b9bbe8c79d,218.5,Over
10611,664f7ee236cf90b9bbe8c79e,212.5,Under
10612,664f7ee236cf90b9bbe8c79f,230.5,Under
10613,664f7ee236cf90b9bbe8c7a0,226.5,Over
10614,664f7ee236cf90b9bbe8c7a1,225.5,Over
10615,664f7ee236cf90b9bbe8c7a2,226.0,Under
10616,664f7ee236cf90b9bbe8c7a3,225.0,Over
10617,664f7ee236cf90b9bbe8c7a4,218.0,Over
10618,664f7ee236cf90b9bbe8c7a5,234.0,Over
10619,664f7ee236cf90b9bbe8c7a6,237.0,Under
10620,664f7ee236cf90b9bbe8c7a7,214.0,Under
10621,664f7ee236cf90b9bbe8c7a8,232.0,Under
10622,664f7ee236cf90b9bbe8c7a9,221.5,Over
10624,664f7ee236cf90b9bbe8c7ab,224.0,Over
10625,664f7ee236cf90b9bbe8c7ac,216.5,Over
10626,664f7ee236cf90b9bbe8c7ad,227.5,Over
10627,664f7ee236cf90b9bbe8c7ae,235.5,Under
10628,664f7ee236cf90b9bbe8c7af,232.5,Under
10629,664f7ee236cf90b9bbe8c7b0,230.5,Under
10630,664f7ee236cf90b9bbe8c7b1,178.0,Under
10631,664f7ee236cf90b9bbe8c7b2,233.0,Over
10632,664f7ee236cf90b9bbe8c7b3,223.5,Under
10633,664f7ee236cf90b9bbe8c7b4,220.5,Over
10634,664f7ee236cf90b9bbe8c7b5,219.0,Under
10635,664f7ee236cf90b9bbe8c7b6,226.0,Under
10636,664f7ee236cf90b9bbe8c7b7,216.5,Under
10637,664f7ee236cf90b9bbe8c7b8,229.5,Over
10638,664f7ee236cf90b9bbe8c7b9,223.5,Over
10639,664f7ee236cf90b9bbe8c7ba,210.0,Over
10640,664f7ee236cf90b9bbe8c7bb,229.5,Under
10641,664f7ee236cf90b9bbe8c7bc,219.0,Under
10642,664f7ee236cf90b9bbe8c7bd,233.5,Under
10643,664f7ee236cf90b9bbe8c7be,223.5,Over
10644,664f7ee236cf90b9bbe8c7bf,230.0,Under
10645,664f7ee236cf90b9bbe8c7c0,207.5,Under
10646,664f7ee236cf90b9bbe8c7c1,230.5,Under
10647,664f7ee236cf90b9bbe8c7c2,234.5,Under
10648,664f7ee236cf90b9bbe8c7c3,222.5,Over
10649,664f7ee236cf90b9bbe8c7c4,227.5,Under
10650,664f7ee236cf90b9bbe8c7c5,226.5,Under
10651,664f7ee236cf90b9bbe8c7c6,244.5,Under
10652,664f7ee236cf90b9bbe8c7c7,215.5,Over
10653,664f7ee236cf90b9bbe8c7c8,213.5,Over
10654,664f7ee236cf90b9bbe8c7c9,237.5,Over
10655,664f7ee236cf90b9bbe8c7ca,238.5,Over
10656,664f7ee236cf90b9bbe8c7cb,219.0,Over
10657,664f7ee236cf90b9bbe8c7cc,219.0,Under
10658,664f7ee236cf90b9bbe8c7cd,226.0,Over
10659,664f7ee236cf90b9bbe8c7ce,231.0,Under
10660,664f7ee236cf90b9bbe8c7cf,203.5,Over
10661,664f7ee236cf90b9bbe8c7d0,236.5,Under
10662,664f7ee236cf90b9bbe8c7d1,228.5,Under
10663,664f7ee236cf90b9bbe8c7d2,224.5,Over
10664,664f7ee236cf90b9bbe8c7d3,231.0,Over
10665,664f7ee236cf90b9bbe8c7d4,218.5,Under
10666,664f7ee236cf90b9bbe8c7d5,212.0,Under
10667,664f7ee236cf90b9bbe8c7d6,242.5,Under
10668,664f7ee236cf90b9bbe8c7d7,213.5,Over
10669,664f7ee236cf90b9bbe8c7d8,228.0,Under
10670,664f7ee236cf90b9bbe8c7d9,234.0,Under
10671,664f7ee236cf90b9bbe8c7da,218.0,Over
10673,664f7ee236cf90b9bbe8c7dc,221.5,Over
10675,664f7ee236cf90b9bbe8c7de,223.5,Under
10676,664f7ee236cf90b9bbe8c7df,231.0,Under
10677,664f7ee236cf90b9bbe8c7e0,237.0,Under
10678,664f7ee236cf90b9bbe8c7e1,225.5,Under
10679,664f7ee236cf90b9bbe8c7e2,231.5,Under
10681,664f7ee236cf90b9bbe8c7e4,233.5,Over
10682,664f7ee236cf90b9bbe8c7e5,219.5,Over
10683,664f7ee236cf90b9bbe8c7e6,229.0,Under
10684,664f7ee236cf90b9bbe8c7e7,231.5,Under
10685,664f7ee236cf90b9bbe8c7e8,238.0,Under
10687,664f7ee236cf90b9bbe8c7ea,232.0,Under
10688,664f7ee236cf90b9bbe8c7eb,217.0,Under
10689,664f7ee236cf90b9bbe8c7ec,236.5,Over
10692,664f7ee236cf90b9bbe8c7ef,217.0,Over
10693,664f7ee236cf90b9bbe8c7f0,233.0,Over
10694,664f7ee236cf90b9bbe8c7f1,221.5,Under
10695,664f7ee236cf90b9bbe8c7f2,222.5,Over
10696,664f7ee236cf90b9bbe8c7f3,230.5,Over
10697,664f7ee236cf90b9bbe8c7f4,222.5,Under
10699,664f7ee236cf90b9bbe8c7f6,219.0,Over
10700,664f7ee236cf90b9bbe8c7f7,218.0,Over
10701,664f7ee236cf90b9bbe8c7f8,227.5,Over
10702,664f7ee236cf90b9bbe8c7f9,239.5,Over
10703,664f7ee236cf90b9bbe8c7fa,231.5,Over
10704,664f7ee236cf90b9bbe8c7fb,213.5,Under
10705,664f7ee236cf90b9bbe8c7fc,224.0,Over
10706,664f7ee236cf90b9bbe8c7fd,228.5,Under
10707,664f7ee236cf90b9bbe8c7fe,261.5,Under
10708,664f7ee236cf90b9bbe8c7ff,229.0,Over
10709,664f7ee236cf90b9bbe8c800,235.0,Under
10710,664f7ee236cf90b9bbe8c801,222.0,Under
10711,664f7ee236cf90b9bbe8c802,225.5,Under
10712,664f7ee236cf90b9bbe8c803,215.5,Under
10713,664f7ee236cf90b9bbe8c804,243.5,Under
10714,664f7ee236cf90b9bbe8c805,221.5,Over
10715,664f7ee236cf90b9bbe8c806,228.0,Over
10716,664f7ee236cf90b9bbe8c807,209.0,Under
10717,664f7ee236cf90b9bbe8c808,220.5,Over
10718,664f7ee236cf90b9bbe8c809,237.5,Over
10719,664f7ee236cf90b9bbe8c80a,234.0,Over
10720,664f7ee236cf90b9bbe8c80b,229.0,Over
10721,664f7ee236cf90b9bbe8c80c,217.0,Over
10722,664f7ee236cf90b9bbe8c80d,221.5,Under
10723,664f7ee236cf90b9bbe8c80e,233.0,Over
10724,664f7ee236cf90b9bbe8c80f,242.0,Over
10725,664f7ee236cf90b9bbe8c810,231.0,Under
10726,664f7ee236cf90b9bbe8c811,231.5,Over
10727,664f7ee236cf90b9bbe8c812,214.5,Over
10728,664f7ee236cf90b9bbe8c813,241.5,Under
10729,664f7ee236cf90b9bbe8c814,221.0,Over
10730,664f7ee236cf90b9bbe8c815,219.0,Under
10731,664f7ee236cf90b9bbe8c816,222.5,Over
10732,664f7ee236cf90b9bbe8c817,226.5,Over
10733,664f7ee236cf90b9bbe8c818,250.5,Under
10734,664f7ee236cf90b9bbe8c819,243.5,Under
10735,664f7ee236cf90b9bbe8c81a,224.5,Under
10736,664f7ee236cf90b9bbe8c81b,216.0,Under
10737,664f7ee236cf90b9bbe8c81c,213.0,Over
10738,664f7ee236cf90b9bbe8c81d,245.5,Over
10739,664f7ee236cf90b9bbe8c81e,221.5,Under
10740,664f7ee236cf90b9bbe8c81f,231.5,Under
10741,664f7ee236cf90b9bbe8c820,221.0,Under
10742,664f7ee236cf90b9bbe8c821,222.5,Under
10743,664f7ee236cf90b9bbe8c822,262.5,Under
10744,664f7ee236cf90b9bbe8c823,226.5,Over
10745,664f7ee236cf90b9bbe8c824,244.5,Under
10746,664f7ee236cf90b9bbe8c825,225.5,Over
10747,664f7ee236cf90b9bbe8c826,225.5,Over
10748,664f7ee236cf90b9bbe8c827,231.0,Over
10749,664f7ee236cf90b9bbe8c828,238.5,Over
10750,664f7ee236cf90b9bbe8c829,221.0,Under
10751,664f7ee236cf90b9bbe8c82a,234.5,Under
10752,664f7ee236cf90b9bbe8c82b,226.5,Over
10753,664f7ee236cf90b9bbe8c82c,224.5,Over
10754,664f7ee236cf90b9bbe8c82d,234.0,Under
10755,664f7ee236cf90b9bbe8c82e,218.5,Over
10756,664f7ee236cf90b9bbe8c82f,210.5,Under
10757,664f7ee236cf90b9bbe8c830,235.0,Under
10758,664f7ee236cf90b9bbe8c831,225.5,Under
10759,664f7ee236cf90b9bbe8c832,215.5,Over
10760,664f7ee236cf90b9bbe8c833,223.0,Under
10761,664f7ee236cf90b9bbe8c834,227.5,Over
10762,664f7ee236cf90b9bbe8c835,220.0,Over
10763,664f7ee236cf90b9bbe8c836,227.5,Over
10764,664f7ee236cf90b9bbe8c837,237.5,Over
10765,664f7ee236cf90b9bbe8c838,223.0,Under
10766,664f7ee236cf90b9bbe8c839,232.5,Under
10767,664f7ee236cf90b9bbe8c83a,224.0,Over
10768,664f7ee236cf90b9bbe8c83b,217.5,Over
10769,664f7ee236cf90b9bbe8c83c,214.0,Under
10770,664f7ee236cf90b9bbe8c83d,228.5,Under
10771,664f7ee236cf90b9bbe8c83e,228.5,Over
10772,664f7ee236cf90b9bbe8c83f,230.5,Under
10773,664f7ee236cf90b9bbe8c840,227.5,Over
10774,664f7ee236cf90b9bbe8c841,221.0,Under
10775,664f7ee236cf90b9bbe8c842,228.0,Under
10776,664f7ee236cf90b9bbe8c843,225.0,Under
10777,664f7ee236cf90b9bbe8c844,226.5,Under
10778,664f7ee236cf90b9bbe8c845,232.5,Over
10780,664f7ee236cf90b9bbe8c847,202.5,Under
10784,664f7ee236cf90b9bbe8c84b,222.5,Over
10785,664f7ee236cf90b9bbe8c84c,228.5,Over
10787,664f7ee236cf90b9bbe8c84e,216.5,Over
10788,664f7ee236cf90b9bbe8c84f,223.5,Over
10789,664f7ee236cf90b9bbe8c850,229.0,Over
10790,664f7ee236cf90b9bbe8c851,221.0,Over
10791,664f7ee236cf90b9bbe8c852,214.5,Under
10792,664f7ee236cf90b9bbe8c853,218.5,Over
10793,664f7ee236cf90b9bbe8c854,233.0,Under
10794,664f7ee236cf90b9bbe8c855,231.5,Under
10795,664f7ee236cf90b9bbe8c856,221.5,Under
10866,664f7ee236cf90b9bbe8c89a,231.0,Under
10867,664f7ee236cf90b9bbe8c89b,239.0,Under
10868,664f7ee236cf90b9bbe8c89c,229.5,Under
10869,664f7ee236cf90b9bbe8c89d,230.0,Under
10870,664f7ee236cf90b9bbe8c89e,214.5,Under
10871,664f7ee236cf90b9bbe8c89f,216.0,Over
10872,664f7ee236cf90b9bbe8c8a0,223.0,Over
10873,664f7ee236cf90b9bbe8c8a1,229.5,Under
10874,664f7ee236cf90b9bbe8c8a2,224.0,Over
10875,664f7ee236cf90b9bbe8c8a3,248.5,Under
10876,664f7ee236cf90b9bbe8c8a4,233.5,Under
10877,664f7ee236cf90b9bbe8c8a5,209.5,Over
10878,664f7ee236cf90b9bbe8c8a6,224.5,Over
10879,664f7ee236cf90b9bbe8c8a7,241.5,Under
10880,664f7ee236cf90b9bbe8c8a8,227.5,Under
10881,664f7ee236cf90b9bbe8c8a9,216.5,Under
10882,664f7ee236cf90b9bbe8c8aa,225.0,Under
10883,664f7ee236cf90b9bbe8c8ab,236.5,Under
10884,664f7ee236cf90b9bbe8c8ac,199.5,Over
10885,664f7ee236cf90b9bbe8c8ad,223.0,Over
10886,664f7ee236cf90b9bbe8c8ae,222.5,Under
10887,664f7ee236cf90b9bbe8c8af,223.0,Under
10888,664f7ee236cf90b9bbe8c8b0,232.5,Over
10889,664f7ee236cf90b9bbe8c8b1,213.5,Under
10890,664f7ee236cf90b9bbe8c8b2,214.0,Under
10891,664f7ee236cf90b9bbe8c8b3,217.5,Under
10892,664f7ee236cf90b9bbe8c8b4,224.0,Over
10893,664f7ee236cf90b9bbe8c8b5,221.5,Over
10894,664f7ee236cf90b9bbe8c8b6,209.5,Under
10895,664f7ee236cf90b9bbe8c8b7,213.0,Under
10896,664f7ee236cf90b9bbe8c8b8,233.0,Under
10899,664f7ee236cf90b9bbe8c8bb,226.0,Under
10900,664f7ee236cf90b9bbe8c8bc,210.5,Over
10901,664f7ee236cf90b9bbe8c8bd,210.0,Under
10904,664f7ee236cf90b9bbe8c8c0,229.0,Under
10912,664f7ee236cf90b9bbe8c8c8,210.5,Under
10913,664f7ee236cf90b9bbe8c8c9,216.0,Under
10914,664f7ee236cf90b9bbe8c8ca,217.0,Under
10915,664f7ee236cf90b9bbe8c8cb,217.0,Over
10916,664f7ee236cf90b9bbe8c8cc,215.0,Under
10918,664f7ee236cf90b9bbe8c8ce,225.5,Under
10919,664f7ee236cf90b9bbe8c8cf,221.5,Over
10920,664f7ee236cf90b9bbe8c8d0,221.5,Under
10921,664f7ee236cf90b9bbe8c8d1,216.5,Over
10922,664f7ee236cf90b9bbe8c8d2,220.0,Under
10923,664f7ee236cf90b9bbe8c8d3,215.5,Over
10924,664f7ee236cf90b9bbe8c8d4,215.5,Under
10926,664f7ee236cf90b9bbe8c8d6,216.0,Over
10928,664f7ee236cf90b9bbe8c8d8,218.5,Under
10929,664f7ee236cf90b9bbe8c8d9,196.0,Under
10930,664f7ee236cf90b9bbe8c8da,213.0,Under
10931,664f7ee236cf90b9bbe8c8db,210.0,Over
10932,664f7ee236cf90b9bbe8c8dc,214.5,Over
10933,664f7ee236cf90b9bbe8c8dd,211.0,Under
10934,664f7ee236cf90b9bbe8c8de,205.0,Under
10935,664f7ee236cf90b9bbe8c8df,207.0,Under
10936,664f7ee236cf90b9bbe8c8e0,207.5,Over
10937,664f7ee236cf90b9bbe8c8e1,181.5,Under
10938,664f7ee236cf90b9bbe8c8e2,207.5,Over
10939,664f7ee236cf90b9bbe8c8e3,206.5,Under
10940,664f7ee236cf90b9bbe8c8e4,207.0,Under
10942,664f7ee236cf90b9bbe8c8e6,214.0,Over
10943,664f7ee236cf90b9bbe8c8e7,217.5,Over
10944,664f7ee236cf90b9bbe8c8e8,217.5,Under
10945,664f7ee236cf90b9bbe8c8e9,214.5,Under
10946,664f7ee236cf90b9bbe8c8ea,215.0,Under
10947,664f7ee236cf90b9bbe8c8eb,212.0,Under
10948,664f7ee236cf90b9bbe8c8ec,205.0,Over
10949,664f7ee236cf90b9bbe8c8ed,222.0,Over
10950,664f7ee236cf90b9bbe8c8ee,227.5,Under
10951,664f7ee236cf90b9bbe8c8ef,226.0,Over
10952,664f7ee236cf90b9bbe8c8f0,226.0,Under
10953,664f7ee236cf90b9bbe8c8f1,219.5,Over
10954,664f7ee236cf90b9bbe8c8f2,217.5,Under
10956,664f7ee236cf90b9bbe8c8f4,206.5,Over
10957,664f7ee236cf90b9bbe8c8f5,206.5,Over
10958,664f7ee236cf90b9bbe8c8f6,207.5,Over
10959,664f7ee236cf90b9bbe8c8f7,207.5,Under
10960,664f7ee236cf90b9bbe8c8f8,203.5,Under
10961,664f7ee236cf90b9bbe8c8f9,201.0,Over
10962,664f7ee236cf90b9bbe8c8fa,198.0,Under
10963,664f7ee236cf90b9bbe8c8fb,214.5,Under
10964,664f7ee236cf90b9bbe8c8fc,214.0,Over
10965,664f7ee236cf90b9bbe8c8fd,217.0,Under
10966,664f7ee236cf90b9bbe8c8fe,215.5,Over
10967,664f7ee236cf90b9bbe8c8ff,215.5,Over
10970,664f7ee236cf90b9bbe8c902,214.0,Over
10972,664f7ee236cf90b9bbe8c903,214.0,Over
10978,664f7ee236cf90b9bbe8c904,213.5,Under
10974,664f7ee236cf90b9bbe8c905,211.0,Under
10975,664f7ee236cf90b9bbe8c906,211.5,Under
10977,664f7ee236cf90b9bbe8c908,213.5,Under
11050,664f7ee236cf90b9bbe8c94f,214.0,Over
11051,664f7ee236cf90b9bbe8c950,227.0,Over
11052,664f7ee236cf90b9bbe8c951,216.5,Over
11058,664f7ee236cf90b9bbe8c957,226.0,Over
11059,664f7ee236cf90b9bbe8c958,225.0,Under
11066,664f7ee236cf90b9bbe8c95f,226.5,Over
11067,664f7ee236cf90b9bbe8c960,233.0,Over
11068,664f7ee236cf90b9bbe8c961,221.0,Under
11069,664f7ee236cf90b9bbe8c962,225.5,Under
11070,664f7ee236cf90b9bbe8c963,225.5,Under
11071,664f7ee236cf90b9bbe8c964,221.5,Under
11072,664f7ee236cf90b9bbe8c965,221.0,Over
11073,664f7ee236cf90b9bbe8c966,232.0,Over
11074,664f7ee236cf90b9bbe8c967,226.5,Over
11075,664f7ee236cf90b9bbe8c968,229.5,Over
11076,664f7ee236cf90b9bbe8c969,223.5,Over
11077,664f7ee236cf90b9bbe8c96a,218.5,Over
11078,664f7ee236cf90b9bbe8c96b,218.5,Over
11079,664f7ee236cf90b9bbe8c96c,215.5,Over
11080,664f7ee236cf90b9bbe8c96d,216.5,Over
11081,664f7ee236cf90b9bbe8c96e,220.5,Over
11082,664f7ee236cf90b9bbe8c96f,227.5,Over
11083,664f7ee236cf90b9bbe8c970,220.0,Over
11084,664f7ee236cf90b9bbe8c971,227.5,Over
11085,664f7ee236cf90b9bbe8c972,224.5,Under
11086,664f7ee236cf90b9bbe8c973,223.5,Under
11087,664f7ee236cf90b9bbe8c974,229.0,Over
11088,664f7ee236cf90b9bbe8c975,216.5,Over
11089,664f7ee236cf90b9bbe8c976,230.5,Over
11090,664f7ee236cf90b9bbe8c977,225.5,Under
11091,664f7ee236cf90b9bbe8c978,231.5,Over
11092,664f7ee236cf90b9bbe8c979,219.0,Under
11093,664f7ee236cf90b9bbe8c97a,218.5,Over
11094,664f7ee236cf90b9bbe8c97b,217.5,Under
11095,664f7ee236cf90b9bbe8c97c,223.0,Under
11096,664f7ee236cf90b9bbe8c97d,225.5,Under
11097,664f7ee236cf90b9bbe8c97e,234.0,Under
11098,664f7ee236cf90b9bbe8c97f,235.5,Over
11099,664f7ee236cf90b9bbe8c980,234.0,Under
11100,664f7ee236cf90b9bbe8c981,225.5,Over
11101,664f7ee236cf90b9bbe8c982,212.5,Over
11102,664f7ee236cf90b9bbe8c983,237.5,Under
11103,664f7ee236cf90b9bbe8c984,217.5,Under
11104,664f7ee236cf90b9bbe8c985,227.0,Over
11105,664f7ee236cf90b9bbe8c986,219.0,Under
11106,664f7ee236cf90b9bbe8c987,229.0,Over
11107,664f7ee236cf90b9bbe8c988,224.0,Over
11109,664f7ee236cf90b9bbe8c98a,230.5,Under
11110,664f7ee236cf90b9bbe8c98b,233.0,Under
11111,664f7ee236cf90b9bbe8c98c,231.0,Over
11112,664f7ee236cf90b9bbe8c98d,232.5,Under
11113,664f7ee236cf90b9bbe8c98e,227.0,Under
11114,664f7ee236cf90b9bbe8c98f,220.0,Under
11115,664f7ee236cf90b9bbe8c990,228.5,Over
11117,664f7ee236cf90b9bbe8c992,225.5,Over
11118,664f7ee236cf90b9bbe8c993,236.0,Under
11119,664f7ee236cf90b9bbe8c994,243.5,Over
11120,664f7ee236cf90b9bbe8c995,226.5,Under
11121,664f7ee236cf90b9bbe8c996,219.0,Over
11122,664f7ee236cf90b9bbe8c997,213.0,Under
11123,664f7ee236cf90b9bbe8c998,247.5,Under
11124,664f7ee236cf90b9bbe8c999,223.5,Over
11125,664f7ee236cf90b9bbe8c99a,226.5,Under
11126,664f7ee236cf90b9bbe8c99b,229.5,Over
11127,664f7ee236cf90b9bbe8c99c,232.0,Under
11128,664f7ee236cf90b9bbe8c99d,225.0,Over
11129,664f7ee236cf90b9bbe8c99e,222.5,Over
11130,664f7ee236cf90b9bbe8c99f,229.5,Over
11131,664f7ee236cf90b9bbe8c9a0,233.5,Under
11132,664f7ee236cf90b9bbe8c9a1,240.0,Over
11133,664f7ee236cf90b9bbe8c9a2,221.5,Over
11134,664f7ee236cf90b9bbe8c9a3,228.0,Over
11135,664f7ee236cf90b9bbe8c9a4,218.5,Over
11136,664f7ee236cf90b9bbe8c9a5,225.5,Over
11137,664f7ee236cf90b9bbe8c9a6,224.5,Under
11138,664f7ee236cf90b9bbe8c9a7,223.5,Under
11139,664f7ee236cf90b9bbe8c9a8,220.5,Over
11140,664f7ee236cf90b9bbe8c9a9,231.0,Over
11141,664f7ee236cf90b9bbe8c9aa,238.5,Under
11142,664f7ee236cf90b9bbe8c9ab,217.0,Over
11143,664f7ee236cf90b9bbe8c9ac,228.0,Over
11145,664f7ee236cf90b9bbe8c9ae,228.5,Under
11146,664f7ee236cf90b9bbe8c9af,216.5,Over
11147,664f7ee236cf90b9bbe8c9b0,235.5,Under
11148,664f7ee236cf90b9bbe8c9b1,223.0,Over
11149,664f7ee236cf90b9bbe8c9b2,224.5,Under
11150,664f7ee236cf90b9bbe8c9b3,229.5,Under
11151,664f7ee236cf90b9bbe8c9b4,225.5,Under
11152,664f7ee236cf90b9bbe8c9b5,226.5,Under
11153,664f7ee236cf90b9bbe8c9b6,226.5,Under
11154,664f7ee236cf90b9bbe8c9b7,217.5,Over
11155,664f7ee236cf90b9bbe8c9b8,230.5,Under
11156,664f7ee236cf90b9bbe8c9b9,223.5,Over
11157,664f7ee236cf90b9bbe8c9ba,235.5,Under
11158,664f7ee236cf90b9bbe8c9bb,220.5,Under
11159,664f7ee236cf90b9bbe8c9bc,235.5,Under
11160,664f7ee236cf90b9bbe8c9bd,225.0,Under
11161,664f7ee236cf90b9bbe8c9be,223.0,Under
11162,664f7ee236cf90b9bbe8c9bf,223.0,Under
11163,664f7ee236cf90b9bbe8c9c0,223.5,Over
11164,664f7ee236cf90b9bbe8c9c1,222.0,Under
11165,664f7ee236cf90b9bbe8c9c2,226.5,Under
11166,664f7ee236cf90b9bbe8c9c3,229.0,Over
11167,664f7ee236cf90b9bbe8c9c4,226.5,Over
11168,664f7ee236cf90b9bbe8c9c5,229.5,Over
11169,664f7ee236cf90b9bbe8c9c6,215.5,Under
11170,664f7ee236cf90b9bbe8c9c7,224.5,Under
11172,664f7ee236cf90b9bbe8c9c9,222.0,Under
11173,664f7ee236cf90b9bbe8c9ca,228.5,Over
11174,664f7ee236cf90b9bbe8c9cb,229.5,Under
11175,664f7ee236cf90b9bbe8c9cc,229.5,Under
11176,664f7ee236cf90b9bbe8c9cd,227.5,Under
11177,664f7ee236cf90b9bbe8c9ce,215.5,Over
11178,664f7ee236cf90b9bbe8c9cf,227.0,Under
11179,664f7ee236cf90b9bbe8c9d0,217.0,Under
11180,664f7ee236cf90b9bbe8c9d1,227.0,Over
11182,664f7ee236cf90b9bbe8c9d3,208.5,Under
11183,664f7ee236cf90b9bbe8c9d4,233.5,Over
11184,664f7ee236cf90b9bbe8c9d5,223.5,Over
11185,664f7ee236cf90b9bbe8c9d6,219.0,Under
11186,664f7ee236cf90b9bbe8c9d7,233.5,Over
11187,664f7ee236cf90b9bbe8c9d8,235.5,Under
11188,664f7ee236cf90b9bbe8c9d9,215.5,Under
11190,664f7ee236cf90b9bbe8c9db,220.0,Under
11191,664f7ee236cf90b9bbe8c9dc,228.0,Under
11192,664f7ee236cf90b9bbe8c9dd,225.0,Under
11193,664f7ee236cf90b9bbe8c9de,197.5,Over
11194,664f7ee236cf90b9bbe8c9df,241.5,Over
11195,664f7ee236cf90b9bbe8c9e0,227.5,Under
11196,664f7ee236cf90b9bbe8c9e1,246.5,Over
11197,664f7ee236cf90b9bbe8c9e2,215.0,Under
11198,664f7ee236cf90b9bbe8c9e3,224.5,Under
11199,664f7ee236cf90b9bbe8c9e4,220.5,Under
11200,664f7ee236cf90b9bbe8c9e5,220.5,Under
11201,664f7ee236cf90b9bbe8c9e6,231.0,Under
11202,664f7ee236cf90b9bbe8c9e7,235.5,Under
11203,664f7ee236cf90b9bbe8c9e8,234.5,Under
11204,664f7ee236cf90b9bbe8c9e9,216.0,Under
11207,664f7ee236cf90b9bbe8c9ec,212.5,Over
11208,664f7ee236cf90b9bbe8c9ed,221.5,Under
11209,664f7ee236cf90b9bbe8c9ee,233.5,Over
11211,664f7ee236cf90b9bbe8c9f0,231.5,Over
11212,664f7ee236cf90b9bbe8c9f1,226.0,Over
11213,664f7ee236cf90b9bbe8c9f2,221.0,Under
11214,664f7ee236cf90b9bbe8c9f3,224.0,Over
11215,664f7ee236cf90b9bbe8c9f4,233.0,Under
11216,664f7ee236cf90b9bbe8c9f5,223.5,Over
11217,664f7ee236cf90b9bbe8c9f6,213.0,Over
11218,664f7ee236cf90b9bbe8c9f7,234.0,Over
11219,664f7ee236cf90b9bbe8c9f8,218.5,Under
11220,664f7ee236cf90b9bbe8c9f9,228.0,Over
11221,664f7ee236cf90b9bbe8c9fa,222.5,Under
11222,664f7ee236cf90b9bbe8c9fb,222.5,Under
11223,664f7ee236cf90b9bbe8c9fc,214.5,Over
11224,664f7ee236cf90b9bbe8c9fd,222.0,Under
11225,664f7ee236cf90b9bbe8c9fe,230.5,Over
11226,664f7ee236cf90b9bbe8c9ff,221.0,Under
11227,664f7ee236cf90b9bbe8ca00,224.0,Over
11228,664f7ee236cf90b9bbe8ca01,219.5,Over
11229,664f7ee236cf90b9bbe8ca02,213.5,Under
11230,664f7ee236cf90b9bbe8ca03,247.5,Under
11231,664f7ee236cf90b9bbe8ca04,226.5,Under
11232,664f7ee236cf90b9bbe8ca05,231.5,Over
11234,664f7ee236cf90b9bbe8ca07,228.5,Over
11235,664f7ee236cf90b9bbe8ca08,219.5,Over
11236,664f7ee236cf90b9bbe8ca09,230.0,Under
11237,664f7ee236cf90b9bbe8ca0a,222.5,Over
11238,664f7ee236cf90b9bbe8ca0b,214.5,Over
11239,664f7ee236cf90b9bbe8ca0c,217.5,Over
11240,664f7ee236cf90b9bbe8ca0d,230.5,Under
11242,664f7ee236cf90b9bbe8ca0f,221.5,Over
11243,664f7ee236cf90b9bbe8ca10,217.5,Under
11244,664f7ee236cf90b9bbe8ca11,218.0,Under
11245,664f7ee236cf90b9bbe8ca12,232.0,Under
11246,664f7ee236cf90b9bbe8ca13,237.5,Under
11247,664f7ee236cf90b9bbe8ca14,217.5,Over
11248,664f7ee236cf90b9bbe8ca15,212.5,Over
11249,664f7ee236cf90b9bbe8ca16,225.0,Under
11250,664f7ee236cf90b9bbe8ca17,228.0,Over
11251,664f7ee236cf90b9bbe8ca18,215.5,Over
11252,664f7ee236cf90b9bbe8ca19,219.5,Over
11253,664f7ee236cf90b9bbe8ca1a,225.5,Over
11254,664f7ee236cf90b9bbe8ca1b,234.0,Under
11255,664f7ee236cf90b9bbe8ca1c,235.0,Under
11256,664f7ee236cf90b9bbe8ca1d,190.5,Over
11257,664f7ee236cf90b9bbe8ca1e,222.5,Over
11258,664f7ee236cf90b9bbe8ca1f,225.5,Over
11259,664f7ee236cf90b9bbe8ca20,225.5,Over
11260,664f7ee236cf90b9bbe8ca21,232.0,Over
11261,664f7ee236cf90b9bbe8ca22,224.0,Over
11262,664f7ee236cf90b9bbe8ca23,225.5,Over
11263,664f7ee236cf90b9bbe8ca24,234.5,Under
11264,664f7ee236cf90b9bbe8ca25,215.0,Over
11265,664f7ee236cf90b9bbe8ca26,219.5,Under
11266,664f7ee236cf90b9bbe8ca27,226.5,Over
11267,664f7ee236cf90b9bbe8ca28,220.5,Under
11268,664f7ee236cf90b9bbe8ca29,226.5,Under
11269,664f7ee236cf90b9bbe8ca2a,227.0,Over
11270,664f7ee236cf90b9bbe8ca2b,220.5,Under
11271,664f7ee236cf90b9bbe8ca2c,237.5,Over
11272,664f7ee236cf90b9bbe8ca2d,215.5,Under
11273,664f7ee236cf90b9bbe8ca2e,217.0,Under
11274,664f7ee236cf90b9bbe8ca2f,204.5,Over
11275,664f7ee236cf90b9bbe8ca30,222.5,Under
11276,664f7ee236cf90b9bbe8ca31,229.5,Under
11277,664f7ee236cf90b9bbe8ca32,211.5,Under
11278,664f7ee236cf90b9bbe8ca33,227.5,Over
11279,664f7ee236cf90b9bbe8ca34,216.0,Over
11280,664f7ee236cf90b9bbe8ca35,237.5,Under
11281,664f7ee236cf90b9bbe8ca36,227.0,Over
11282,664f7ee236cf90b9bbe8ca37,234.5,Under
11283,664f7ee236cf90b9bbe8ca38,227.0,Over
11284,664f7ee236cf90b9bbe8ca39,225.0,Over
11285,664f7ee236cf90b9bbe8ca3a,230.5,Under
11286,664f7ee236cf90b9bbe8ca3b,225.5,Under
11287,664f7ee236cf90b9bbe8ca3c,228.0,Over
11288,664f7ee236cf90b9bbe8ca3d,221.0,Under
11289,664f7ee236cf90b9bbe8ca3e,226.0,Under
11290,664f7ee236cf90b9bbe8ca3f,220.0,Under
11291,664f7ee236cf90b9bbe8ca40,257.5,Over
11292,664f7ee236cf90b9bbe8ca41,224.0,Over
11293,664f7ee236cf90b9bbe8ca42,213.0,Under
11294,664f7ee236cf90b9bbe8ca43,232.5,Over
11295,664f7ee236cf90b9bbe8ca44,217.5,Under
11296,664f7ee236cf90b9bbe8ca45,230.5,Under
11297,664f7ee236cf90b9bbe8ca46,228.0,Under
11298,664f7ee236cf90b9bbe8ca47,212.5,Over
11299,664f7ee236cf90b9bbe8ca48,229.5,Under
11300,664f7ee236cf90b9bbe8ca49,213.5,Over
11301,664f7ee236cf90b9bbe8ca4a,220.5,Under
11302,664f7ee236cf90b9bbe8ca4b,227.5,Under
11303,664f7ee236cf90b9bbe8ca4c,228.0,Over
11304,664f7ee236cf90b9bbe8ca4d,222.0,Over
11305,664f7ee236cf90b9bbe8ca4e,219.5,Over
11308,664f7ee236cf90b9bbe8ca51,227.5,Under
11309,664f7ee236cf90b9bbe8ca52,216.0,Under
11310,664f7ee236cf90b9bbe8ca53,217.0,Under
11311,664f7ee236cf90b9bbe8ca54,236.0,Under
11312,664f7ee236cf90b9bbe8ca55,241.5,Under
11313,664f7ee236cf90b9bbe8ca56,241.5,Under
11314,664f7ee236cf90b9bbe8ca57,211.5,Over
11315,664f7ee236cf90b9bbe8ca58,222.0,Under
11316,664f7ee236cf90b9bbe8ca59,224.5,Over
11317,664f7ee236cf90b9bbe8ca5a,230.5,Over
11318,664f7ee236cf90b9bbe8ca5b,226.5,Over
11319,664f7ee236cf90b9bbe8ca5c,228.0,Over
11320,664f7ee236cf90b9bbe8ca5d,223.0,Over
11321,664f7ee236cf90b9bbe8ca5e,225.5,Under
11322,664f7ee236cf90b9bbe8ca5f,213.5,Under
11323,664f7ee236cf90b9bbe8ca60,217.0,Over
11324,664f7ee236cf90b9bbe8ca61,238.5,Under
11325,664f7ee236cf90b9bbe8ca62,233.5,Over
11326,664f7ee236cf90b9bbe8ca63,214.0,Over
11327,664f7ee236cf90b9bbe8ca64,231.5,Over
11328,664f7ee236cf90b9bbe8ca65,227.0,Over
11329,664f7ee236cf90b9bbe8ca66,215.5,Over
11330,664f7ee236cf90b9bbe8ca67,232.5,Over
11331,664f7ee236cf90b9bbe8ca68,232.5,Under
11332,664f7ee236cf90b9bbe8ca69,224.0,Under
11333,664f7ee236cf90b9bbe8ca6a,239.0,Over
11334,664f7ee236cf90b9bbe8ca6b,218.5,Under
11335,664f7ee236cf90b9bbe8ca6c,214.5,Under
11336,664f7ee236cf90b9bbe8ca6d,233.0,Under
11337,664f7ee236cf90b9bbe8ca6e,231.0,Over
11338,664f7ee236cf90b9bbe8ca6f,230.0,Under
11339,664f7ee236cf90b9bbe8ca70,224.0,Under
11340,664f7ee236cf90b9bbe8ca71,252.5,Under
11341,664f7ee236cf90b9bbe8ca72,203.5,Over
11342,664f7ee236cf90b9bbe8ca73,220.5,Under
11343,664f7ee236cf90b9bbe8ca74,220.5,Over
11344,664f7ee236cf90b9bbe8ca75,218.5,Under
11345,664f7ee236cf90b9bbe8ca76,227.5,Over
11346,664f7ee236cf90b9bbe8ca77,214.5,Over
11347,664f7ee236cf90b9bbe8ca78,215.5,Over
11348,664f7ee236cf90b9bbe8ca79,215.5,Under
11349,664f7ee236cf90b9bbe8ca7a,242.5,Over
11350,664f7ee236cf90b9bbe8ca7b,257.5,Under
11351,664f7ee236cf90b9bbe8ca7c,219.5,Under
11352,664f7ee236cf90b9bbe8ca7d,218.5,Under
11353,664f7ee236cf90b9bbe8ca7e,233.0,Under
11354,664f7ee236cf90b9bbe8ca7f,228.5,Over
11355,664f7ee236cf90b9bbe8ca80,236.0,Under
11356,664f7ee236cf90b9bbe8ca81,234.5,Over
11357,664f7ee236cf90b9bbe8ca82,238.0,Under
11358,664f7ee236cf90b9bbe8ca83,224.5,Over
11359,664f7ee236cf90b9bbe8ca84,226.5,Over
11360,664f7ee236cf90b9bbe8ca85,215.5,Over
11361,664f7ee236cf90b9bbe8ca86,211.5,Under
11362,664f7ee236cf90b9bbe8ca87,225.0,Over
11363,664f7ee236cf90b9bbe8ca88,224.5,Over
11364,664f7ee236cf90b9bbe8ca89,223.5,Under
11365,664f7ee236cf90b9bbe8ca8a,202.5,Over
11366,664f7ee236cf90b9bbe8ca8b,231.5,Under
11367,664f7ee236cf90b9bbe8ca8c,221.5,Over
11368,664f7ee236cf90b9bbe8ca8d,230.0,Under
11369,664f7ee236cf90b9bbe8ca8e,230.0,Under
11370,664f7ee236cf90b9bbe8ca8f,226.5,Over
11371,664f7ee236cf90b9bbe8ca90,223.0,Over
11372,664f7ee236cf90b9bbe8ca91,242.5,Over
11373,664f7ee236cf90b9bbe8ca92,226.0,Over
11374,664f7ee236cf90b9bbe8ca93,222.0,Over
11375,664f7ee236cf90b9bbe8ca94,240.5,Under
11376,664f7ee236cf90b9bbe8ca95,225.5,Over
11377,664f7ee236cf90b9bbe8ca96,226.5,Over
11378,664f7ee236cf90b9bbe8ca97,222.5,Under
11379,664f7ee236cf90b9bbe8ca98,218.0,Under
11380,664f7ee236cf90b9bbe8ca99,230.5,Over
11381,664f7ee236cf90b9bbe8ca9a,218.5,Over
11382,664f7ee236cf90b9bbe8ca9b,233.0,Under
11383,664f7ee236cf90b9bbe8ca9c,229.5,Over
11384,664f7ee236cf90b9bbe8ca9d,239.5,Over
11385,664f7ee236cf90b9bbe8ca9e,237.0,Under
11388,664f7ee236cf90b9bbe8caa1,220.5,Under
11389,664f7ee236cf90b9bbe8caa2,221.0,Over
11390,664f7ee236cf90b9bbe8caa3,233.0,Over
11391,664f7ee236cf90b9bbe8caa4,235.0,Under
11392,664f7ee236cf90b9bbe8caa5,227.5,Under
11395,664f7ee236cf90b9bbe8caa8,230.5,Under
11396,664f7ee236cf90b9bbe8caa9,228.5,Over
11397,664f7ee236cf90b9bbe8caaa,222.5,Under
11398,664f7ee236cf90b9bbe8caab,233.0,Over
11399,664f7ee236cf90b9bbe8caac,239.5,Under
11400,664f7ee236cf90b9bbe8caad,232.0,Under
11401,664f7ee236cf90b9bbe8caae,227.5,Over
11402,664f7ee236cf90b9bbe8caaf,225.5,Under
11403,664f7ee236cf90b9bbe8cab0,226.5,Over
11404,664f7ee236cf90b9bbe8cab1,220.5,Over
11405,664f7ee236cf90b9bbe8cab2,221.5,Over
11406,664f7ee236cf90b9bbe8cab3,218.5,Under
11407,664f7ee236cf90b9bbe8cab4,223.5,Over
11408,664f7ee236cf90b9bbe8cab5,237.5,Under
11409,664f7ee236cf90b9bbe8cab6,225.5,Under
11410,664f7ee236cf90b9bbe8cab7,210.5,Over
11411,664f7ee236cf90b9bbe8cab8,223.0,Over
11412,664f7ee236cf90b9bbe8cab9,198.5,Over
11413,664f7ee236cf90b9bbe8caba,233.5,Over
11414,664f7ee236cf90b9bbe8cabb,232.5,Under
11415,664f7ee236cf90b9bbe8cabc,242.5,Under
11416,664f7ee236cf90b9bbe8cabd,214.5,Over
11417,664f7ee236cf90b9bbe8cabe,232.5,Under
11418,664f7ee236cf90b9bbe8cabf,234.5,Over
11419,664f7ee236cf90b9bbe8cac0,237.0,Under
11420,664f7ee236cf90b9bbe8cac1,229.0,Under
11421,664f7ee236cf90b9bbe8cac2,230.5,Over
11422,664f7ee236cf90b9bbe8cac3,231.5,Under
11423,664f7ee236cf90b9bbe8cac4,215.5,Over
11424,664f7ee236cf90b9bbe8cac5,233.5,Under
11425,664f7ee236cf90b9bbe8cac6,226.0,Over
11426,664f7ee236cf90b9bbe8cac7,225.0,Under
11427,664f7ee236cf90b9bbe8cac8,240.5,Under
11428,664f7ee236cf90b9bbe8cac9,239.5,Under
11429,664f7ee236cf90b9bbe8caca,249.5,Under
11430,664f7ee236cf90b9bbe8cacb,216.0,Under
11431,664f7ee236cf90b9bbe8cacc,228.0,Over
11432,664f7ee236cf90b9bbe8cacd,227.5,Under
11433,664f7ee236cf90b9bbe8cace,228.5,Over
11434,664f7ee236cf90b9bbe8cacf,234.5,Under
11435,664f7ee236cf90b9bbe8cad0,224.5,Under
11436,664f7ee236cf90b9bbe8cad1,225.0,Over
11439,664f7ee236cf90b9bbe8cad4,214.5,Under
11440,664f7ee236cf90b9bbe8cad5,222.5,Over
11442,664f7ee236cf90b9bbe8cad7,227.5,Under
11443,664f7ee236cf90b9bbe8cad8,230.0,Over
11444,664f7ee236cf90b9bbe8cad9,226.0,Over
11445,664f7ee236cf90b9bbe8cada,233.5,Over
11447,664f7ee236cf90b9bbe8cadc,222.5,Under
11448,664f7ee236cf90b9bbe8cadd,217.5,Over
11449,664f7ee236cf90b9bbe8cade,227.5,Over
11450,664f7ee236cf90b9bbe8cadf,230.5,Under
11451,664f7ee236cf90b9bbe8cae0,193.5,Under
11452,664f7ee236cf90b9bbe8cae1,229.5,Under
11453,664f7ee236cf90b9bbe8cae2,221.5,Over
11454,664f7ee236cf90b9bbe8cae3,227.5,Over
11455,664f7ee236cf90b9bbe8cae4,220.0,Over
11456,664f7ee236cf90b9bbe8cae5,232.0,Over
11457,664f7ee236cf90b9bbe8cae6,225.0,Under
11458,664f7ee236cf90b9bbe8cae7,230.0,Under
11459,664f7ee236cf90b9bbe8cae8,229.5,Over
11460,664f7ee236cf90b9bbe8cae9,205.5,Over
11461,664f7ee236cf90b9bbe8caea,232.5,Under
11462,664f7ee236cf90b9bbe8caeb,235.5,Over
11463,664f7ee236cf90b9bbe8caec,235.5,Over
11464,664f7ee236cf90b9bbe8caed,239.5,Over
11465,664f7ee236cf90b9bbe8caee,245.5,Over
11466,664f7ee236cf90b9bbe8caef,232.0,Over
11467,664f7ee236cf90b9bbe8caf0,234.5,Over
11468,664f7ee236cf90b9bbe8caf1,218.5,Under
11469,664f7ee236cf90b9bbe8caf2,235.5,Over
11470,664f7ee236cf90b9bbe8caf3,200.5,Under
11471,664f7ee236cf90b9bbe8caf4,225.0,Over
11472,664f7ee236cf90b9bbe8caf5,223.0,Under
11473,664f7ee236cf90b9bbe8caf6,217.0,Over
11474,664f7ee236cf90b9bbe8caf7,221.5,Over
11475,664f7ee236cf90b9bbe8caf8,232.5,Over
11476,664f7ee236cf90b9bbe8caf9,217.5,Under
11477,664f7ee236cf90b9bbe8cafa,232.5,Under
11478,664f7ee236cf90b9bbe8cafb,239.0,Under
11479,664f7ee236cf90b9bbe8cafc,228.0,Under
11480,664f7ee236cf90b9bbe8cafd,222.0,Over
11481,664f7ee236cf90b9bbe8cafe,221.5,Over
11482,664f7ee236cf90b9bbe8caff,223.5,Over
11483,664f7ee236cf90b9bbe8cb00,225.5,Under
11484,664f7ee236cf90b9bbe8cb01,234.5,Under
11485,664f7ee236cf90b9bbe8cb02,226.0,Over
11486,664f7ee236cf90b9bbe8cb03,237.0,Under
11489,664f7ee236cf90b9bbe8cb06,211.5,Under
11490,664f7ee236cf90b9bbe8cb07,229.0,Under
11491,664f7ee236cf90b9bbe8cb08,230.0,Under
11492,664f7ee236cf90b9bbe8cb09,230.0,Under
11495,664f7ee236cf90b9bbe8cb0c,232.0,Under
11496,664f7ee236cf90b9bbe8cb0d,228.5,Over
11497,664f7ee236cf90b9bbe8cb0e,223.5,Over
11498,664f7ee236cf90b9bbe8cb0f,254.5,Over
11499,664f7ee236cf90b9bbe8cb10,231.5,Over
11500,664f7ee236cf90b9bbe8cb11,237.0,Under
11501,664f7ee236cf90b9bbe8cb12,217.0,Over
11502,664f7ee236cf90b9bbe8cb13,211.5,Under
11503,664f7ee236cf90b9bbe8cb14,229.5,Over
11504,664f7ee236cf90b9bbe8cb15,226.5,Over
11505,664f7ee236cf90b9bbe8cb16,219.5,Over
11506,664f7ee236cf90b9bbe8cb17,243.5,Over
11507,664f7ee236cf90b9bbe8cb18,232.5,Over
11508,664f7ee236cf90b9bbe8cb19,225.0,Over
11509,664f7ee236cf90b9bbe8cb1a,241.0,Over
11510,664f7ee236cf90b9bbe8cb1b,234.5,Over
11511,664f7ee236cf90b9bbe8cb1c,221.0,Under
11512,664f7ee236cf90b9bbe8cb1d,235.5,Under
11513,664f7ee236cf90b9bbe8cb1e,223.5,Under
11514,664f7ee236cf90b9bbe8cb1f,236.5,Under
11515,664f7ee236cf90b9bbe8cb20,207.5,Over
11516,664f7ee236cf90b9bbe8cb21,229.5,Under
11517,664f7ee236cf90b9bbe8cb22,236.0,Under
11518,664f7ee236cf90b9bbe8cb23,232.0,Under
11519,664f7ee236cf90b9bbe8cb24,223.0,Over
11520,664f7ee236cf90b9bbe8cb25,218.0,Over
11521,664f7ee236cf90b9bbe8cb26,223.5,Over
11522,664f7ee236cf90b9bbe8cb27,229.0,Under
11523,664f7ee236cf90b9bbe8cb28,234.5,Under
11525,664f7ee236cf90b9bbe8cb2a,224.5,Over
11526,664f7ee236cf90b9bbe8cb2b,226.0,Over
11527,664f7ee236cf90b9bbe8cb2c,228.5,Over
11528,664f7ee236cf90b9bbe8cb2d,231.5,Over
11529,664f7ee236cf90b9bbe8cb2e,217.5,Over
11530,664f7ee236cf90b9bbe8cb2f,233.0,Over
11531,664f7ee236cf90b9bbe8cb30,232.5,Under
11532,664f7ee236cf90b9bbe8cb31,229.5,Under
11533,664f7ee236cf90b9bbe8cb32,214.0,Over
11534,664f7ee236cf90b9bbe8cb33,225.5,Over
11535,664f7ee236cf90b9bbe8cb34,225.0,Under
11536,664f7ee236cf90b9bbe8cb35,220.0,Under
11537,664f7ee236cf90b9bbe8cb36,232.5,Over
11538,664f7ee236cf90b9bbe8cb37,233.0,Under
11539,664f7ee236cf90b9bbe8cb38,226.5,Under
11540,664f7ee236cf90b9bbe8cb39,239.5,Under
11541,664f7ee236cf90b9bbe8cb3a,242.5,Over
11542,664f7ee236cf90b9bbe8cb3b,219.5,Over
11543,664f7ee236cf90b9bbe8cb3c,225.5,Over
11544,664f7ee236cf90b9bbe8cb3d,221.5,Over
11546,664f7ee236cf90b9bbe8cb3f,230.5,Over
11547,664f7ee236cf90b9bbe8cb40,220.5,Over
11548,664f7ee236cf90b9bbe8cb41,223.5,Over
11549,664f7ee236cf90b9bbe8cb42,231.5,Under
11550,664f7ee236cf90b9bbe8cb43,231.5,Over
11551,664f7ee236cf90b9bbe8cb44,204.5,Over
11552,664f7ee236cf90b9bbe8cb45,236.0,Over
11553,664f7ee236cf90b9bbe8cb46,238.0,Under
11554,664f7ee236cf90b9bbe8cb47,239.5,Under
11555,664f7ee236cf90b9bbe8cb48,232.5,Under
11556,664f7ee236cf90b9bbe8cb49,232.0,Under
11557,664f7ee236cf90b9bbe8cb4a,231.5,Over
11558,664f7ee236cf90b9bbe8cb4b,225.5,Over
11559,664f7ee236cf90b9bbe8cb4c,232.5,Over
11560,664f7ee236cf90b9bbe8cb4d,236.5,Over
11561,664f7ee236cf90b9bbe8cb4e,216.5,Over
11562,664f7ee236cf90b9bbe8cb4f,239.5,Under
11563,664f7ee236cf90b9bbe8cb50,238.0,Under
11564,664f7ee236cf90b9bbe8cb51,228.5,Under
11565,664f7ee236cf90b9bbe8cb52,232.5,Under
11566,664f7ee236cf90b9bbe8cb53,231.5,Under
11567,664f7ee236cf90b9bbe8cb54,228.5,Under
11568,664f7ee236cf90b9bbe8cb55,231.5,Over
11569,664f7ee236cf90b9bbe8cb56,233.5,Over
11570,664f7ee236cf90b9bbe8cb57,232.5,Under
11571,664f7ee236cf90b9bbe8cb58,237.5,Over
11572,664f7ee236cf90b9bbe8cb59,238.0,Under
11573,664f7ee236cf90b9bbe8cb5a,243.5,Over
11574,664f7ee236cf90b9bbe8cb5b,228.0,Under
11575,664f7ee236cf90b9bbe8cb5c,230.5,Under
11576,664f7ee236cf90b9bbe8cb5d,224.5,Over
11577,664f7ee236cf90b9bbe8cb5e,222.0,Over
11578,664f7ee236cf90b9bbe8cb5f,215.5,Over
11579,664f7ee236cf90b9bbe8cb60,242.5,Over
11580,664f7ee236cf90b9bbe8cb61,221.0,Under
11581,664f7ee236cf90b9bbe8cb62,230.5,Over
11582,664f7ee236cf90b9bbe8cb63,229.5,Over
11583,664f7ee236cf90b9bbe8cb64,230.0,Over
11584,664f7ee236cf90b9bbe8cb65,223.5,Over
11585,664f7ee236cf90b9bbe8cb66,230.5,Under
11586,664f7ee236cf90b9bbe8cb67,242.0,Over
11587,664f7ee236cf90b9bbe8cb68,230.0,Over
11589,664f7ee236cf90b9bbe8cb6a,224.0,Under
11590,664f7ee236cf90b9bbe8cb6b,223.0,Under
11591,664f7ee236cf90b9bbe8cb6c,243.5,Over
11592,664f7ee236cf90b9bbe8cb6d,232.5,Under
11594,664f7ee236cf90b9bbe8cb6f,225.0,Under
11595,664f7ee236cf90b9bbe8cb70,225.0,Over
11596,664f7ee236cf90b9bbe8cb71,239.5,Under
11597,664f7ee236cf90b9bbe8cb72,220.5,Under
11598,664f7ee236cf90b9bbe8cb73,234.0,Under
11599,664f7ee236cf90b9bbe8cb74,219.0,Under
11600,664f7ee236cf90b9bbe8cb75,241.0,Under
11601,664f7ee236cf90b9bbe8cb76,225.0,Over
11602,664f7ee236cf90b9bbe8cb77,234.5,Over
11603,664f7ee236cf90b9bbe8cb78,231.5,Under
11604,664f7ee236cf90b9bbe8cb79,237.5,Over
11605,664f7ee236cf90b9bbe8cb7a,227.5,Under
11606,664f7ee236cf90b9bbe8cb7b,232.0,Over
11608,664f7ee236cf90b9bbe8cb7d,231.5,Over
11609,664f7ee236cf90b9bbe8cb7e,218.5,Under
11611,664f7ee236cf90b9bbe8cb80,228.5,Over
11612,664f7ee236cf90b9bbe8cb81,243.5,Under
11614,664f7ee236cf90b9bbe8cb83,215.5,Under
11615,664f7ee236cf90b9bbe8cb84,230.0,Over
11616,664f7ee236cf90b9bbe8cb85,233.0,Over
11617,664f7ee236cf90b9bbe8cb86,229.5,Over
11618,664f7ee236cf90b9bbe8cb87,224.0,Under
11619,664f7ee236cf90b9bbe8cb88,235.0,Under
11620,664f7ee236cf90b9bbe8cb89,234.5,Under
11623,664f7ee236cf90b9bbe8cb8c,224.5,Under
11624,664f7ee236cf90b9bbe8cb8d,245.0,Under
11625,664f7ee236cf90b9bbe8cb8e,227.0,Over
11626,664f7ee236cf90b9bbe8cb8f,230.0,Under
11627,664f7ee236cf90b9bbe8cb90,232.5,Over
11628,664f7ee236cf90b9bbe8cb91,224.5,Under
11629,664f7ee236cf90b9bbe8cb92,232.0,Under
11630,664f7ee236cf90b9bbe8cb93,228.5,Over
11631,664f7ee236cf90b9bbe8cb94,219.0,Over
11632,664f7ee236cf90b9bbe8cb95,233.5,Over
11633,664f7ee236cf90b9bbe8cb96,233.0,Over
11634,664f7ee236cf90b9bbe8cb97,233.5,Under
11635,664f7ee236cf90b9bbe8cb98,231.0,Under
11637,664f7ee236cf90b9bbe8cb9a,228.5,Over
11638,664f7ee236cf90b9bbe8cb9b,216.5,Under
11640,664f7ee236cf90b9bbe8cb9d,235.0,Over
11641,664f7ee236cf90b9bbe8cb9e,236.0,Over
11642,664f7ee236cf90b9bbe8cb9f,226.0,Over
11643,664f7ee236cf90b9bbe8cba0,232.5,Under
11645,664f7ee236cf90b9bbe8cba2,230.5,Over
11646,664f7ee236cf90b9bbe8cba3,225.0,Under
11647,664f7ee236cf90b9bbe8cba4,241.0,Under
11648,664f7ee236cf90b9bbe8cba5,222.5,Under
11650,664f7ee236cf90b9bbe8cba7,228.0,Under
11651,664f7ee236cf90b9bbe8cba8,227.5,Over
11652,664f7ee236cf90b9bbe8cba9,216.5,Under
11653,664f7ee236cf90b9bbe8cbaa,231.5,Under
11654,664f7ee236cf90b9bbe8cbab,229.0,Over
11655,664f7ee236cf90b9bbe8cbac,237.5,Under
11656,664f7ee236cf90b9bbe8cbad,221.5,Under
11658,664f7ee236cf90b9bbe8cbaf,240.0,Under
11659,664f7ee236cf90b9bbe8cbb0,239.5,Over
11660,664f7ee236cf90b9bbe8cbb1,224.5,Under
11662,664f7ee236cf90b9bbe8cbb3,232.5,Over
11663,664f7ee236cf90b9bbe8cbb4,227.0,Over
11665,664f7ee236cf90b9bbe8cbb6,230.0,Under
11669,664f7ee236cf90b9bbe8cbba,233.5,Under
11670,664f7ee236cf90b9bbe8cbbb,229.0,Over
11674,664f7ee236cf90b9bbe8cbbf,239.0,Over
11675,664f7ee236cf90b9bbe8cbc0,232.0,Over
11676,664f7ee236cf90b9bbe8cbc1,228.0,Under
11678,664f7ee236cf90b9bbe8cbc3,231.5,Over
11679,664f7ee236cf90b9bbe8cbc4,229.5,Over
11680,664f7ee236cf90b9bbe8cbc5,223.0,Over
11681,664f7ee236cf90b9bbe8cbc6,233.0,Under
11684,664f7ee236cf90b9bbe8cbc9,241.0,Over
11687,664f7ee236cf90b9bbe8cbcc,233.0,Under
11689,664f7ee236cf90b9bbe8cbce,236.0,Over
11691,664f7ee236cf90b9bbe8cbd0,232.0,Under
11693,664f7ee236cf90b9bbe8cbd2,233.0,Under
11695,664f7ee236cf90b9bbe8cbd4,235.0,Under
11696,664f7ee236cf90b9bbe8cbd5,228.0,Over
11748,664f7ee236cf90b9bbe8cbd6,221.5,Under
11749,664f7ee236cf90b9bbe8cbd7,222.5,Over
11750,664f7ee236cf90b9bbe8cbd8,224.0,Under
11753,664f7ee236cf90b9bbe8cbdb,235.0,Over
11754,664f7ee236cf90b9bbe8cbdc,239.0,Under
11755,664f7ee236cf90b9bbe8cbdd,231.0,Over
11756,664f7ee236cf90b9bbe8cbde,232.0,Under
11757,664f7ee236cf90b9bbe8cbdf,239.0,Under
11758,664f7ee236cf90b9bbe8cbe0,236.0,Under
11759,664f7ee236cf90b9bbe8cbe1,236.5,Under
11760,664f7ee236cf90b9bbe8cbe2,240.5,Over
11761,664f7ee236cf90b9bbe8cbe3,244.0,Under
11762,664f7ee236cf90b9bbe8cbe4,236.5,Under
11764,664f7ee236cf90b9bbe8cbe6,219.5,Under
11766,664f7ee236cf90b9bbe8cbe8,225.5,Over
11768,664f7ee236cf90b9bbe8cbea,232.0,Over
11775,664f7ee236cf90b9bbe8cbf1,239.5,Over
11778,664f7ee236cf90b9bbe8cbf4,243.0,Under
11785,664f7ee236cf90b9bbe8cbfb,237.5,Over
11786,664f7ee236cf90b9bbe8cbfc,237.5,Under
11791,664f7ee236cf90b9bbe8cc01,226.0,Over
11793,664f7ee236cf90b9bbe8cc03,231.0,Over
11794,664f7ee236cf90b9bbe8cc04,233.5,Under
11796,664f7ee236cf90b9bbe8cc06,230.5,Under
11797,664f7ee236cf90b9bbe8cc07,232.0,Over
11798,664f7ee236cf90b9bbe8cc08,236.0,Over
11801,664f7ee236cf90b9bbe8cc0b,222.0,Over
11802,664f7ee236cf90b9bbe8cc0c,239.5,Under
11804,664f7ee236cf90b9bbe8cc0e,233.5,Over
11805,664f7ee236cf90b9bbe8cc0f,232.0,Under
11806,664f7ee236cf90b9bbe8cc10,233.0,Under
11807,664f7ee236cf90b9bbe8cc11,236.5,Under
11808,664f7ee236cf90b9bbe8cc12,242.0,Over
11809,664f7ee236cf90b9bbe8cc13,235.0,Under
11810,664f7ee236cf90b9bbe8cc14,231.0,Under
11811,664f7ee236cf90b9bbe8cc15,226.5,Under
11812,664f7ee236cf90b9bbe8cc16,236.5,Over
11813,664f7ee236cf90b9bbe8cc17,210.0,Under
11814,664f7ee236cf90b9bbe8cc18,235.5,Over
11815,664f7ee236cf90b9bbe8cc19,230.5,Under
11816,664f7ee236cf90b9bbe8cc1a,241.0,Under
11817,664f7ee236cf90b9bbe8cc1b,234.0,Over
11819,664f7ee236cf90b9bbe8cc1d,231.0,Under
11821,664f7ee236cf90b9bbe8cc1f,226.5,Over
11822,664f7ee236cf90b9bbe8cc20,230.5,Under
11823,664f7ee236cf90b9bbe8cc21,239.0,Under
11824,664f7ee236cf90b9bbe8cc22,245.0,Under
11825,664f7ee236cf90b9bbe8cc23,230.5,Over
11829,664f7ee236cf90b9bbe8cc27,213.0,Under
11830,664f7ee236cf90b9bbe8cc28,236.5,Under
11831,664f7ee236cf90b9bbe8cc29,225.5,Under
11833,664f7ee236cf90b9bbe8cc2b,231.5,Under
11834,664f7ee236cf90b9bbe8cc2c,240.5,Under
11837,664f7ee236cf90b9bbe8cc2f,224.5,Under
11841,664f7ee236cf90b9bbe8cc33,240.5,Under
11842,664f7ee236cf90b9bbe8cc34,230.5,Over
11843,664f7ee236cf90b9bbe8cc35,226.5,Under
11844,664f7ee236cf90b9bbe8cc36,223.5,Over
11845,664f7ee236cf90b9bbe8cc37,232.5,Over
11846,664f7ee236cf90b9bbe8cc38,221.0,Over
11847,664f7ee236cf90b9bbe8cc39,235.5,Over
11848,664f7ee236cf90b9bbe8cc3a,232.0,Over
11851,664f7ee236cf90b9bbe8cc3d,234.5,Under
11852,664f7ee236cf90b9bbe8cc3e,225.0,Under
11857,664f7ee236cf90b9bbe8cc43,229.5,Under
11858,664f7ee236cf90b9bbe8cc44,221.0,Under
11859,664f7ee236cf90b9bbe8cc45,219.5,Over
11860,664f7ee236cf90b9bbe8cc46,237.0,Under
11861,664f7ee236cf90b9bbe8cc47,234.5,Over
11862,664f7ee236cf90b9bbe8cc48,221.0,Over
11863,664f7ee236cf90b9bbe8cc49,237.0,Over
11864,664f7ee236cf90b9bbe8cc4a,239.5,Under
11865,664f7ee236cf90b9bbe8cc4b,226.0,Under
11866,664f7ee236cf90b9bbe8cc4c,226.0,Over
11867,664f7ee236cf90b9bbe8cc4d,235.5,Under
11868,664f7ee236cf90b9bbe8cc4e,233.0,Under
11869,664f7ee236cf90b9bbe8cc4f,235.5,Over
11870,664f7ee236cf90b9bbe8cc50,237.5,Over
11871,664f7ee236cf90b9bbe8cc51,222.5,Under
11874,664f7ee236cf90b9bbe8cc54,223.0,Over
11875,664f7ee236cf90b9bbe8cc55,234.0,Under
11876,664f7ee236cf90b9bbe8cc56,241.0,Over
11879,664f7ee236cf90b9bbe8cc59,234.5,Over
11881,664f7ee236cf90b9bbe8cc5b,229.5,Under
11884,664f7ee236cf90b9bbe8cc5e,235.0,Over
11888,664f7ee236cf90b9bbe8cc62,232.0,Over
11889,664f7ee236cf90b9bbe8cc63,226.5,Under
11892,664f7ee236cf90b9bbe8cc66,241.5,Over
11898,664f7ee236cf90b9bbe8cc6c,233.0,Over
11900,664f7ee236cf90b9bbe8cc6e,230.0,Over
11901,664f7ee236cf90b9bbe8cc6f,224.0,Under
11902,664f7ee236cf90b9bbe8cc70,238.0,Under
11904,664f7ee236cf90b9bbe8cc72,228.5,Under
11905,664f7ee236cf90b9bbe8cc73,229.5,Over
11906,664f7ee236cf90b9bbe8cc74,240.0,Over
11907,664f7ee236cf90b9bbe8cc75,225.5,Over
11908,664f7ee236cf90b9bbe8cc76,237.5,Over
11909,664f7ee236cf90b9bbe8cc77,225.5,Over
11910,664f7ee236cf90b9bbe8cc78,223.5,Under
11911,664f7ee236cf90b9bbe8cc79,223.0,Over
11912,664f7ee236cf90b9bbe8cc7a,226.5,Under
11913,664f7ee236cf90b9bbe8cc7b,237.0,Under
11914,664f7ee236cf90b9bbe8cc7c,231.0,Over
11915,664f7ee236cf90b9bbe8cc7d,231.5,Over
11916,664f7ee236cf90b9bbe8cc7e,238.0,Over
11917,664f7ee236cf90b9bbe8cc7f,224.0,Over
11918,664f7ee236cf90b9bbe8cc80,226.5,Over
11919,664f7ee236cf90b9bbe8cc81,234.0,Under
11920,664f7ee236cf90b9bbe8cc82,230.5,Over
11921,664f7ee236cf90b9bbe8cc83,235.5,Under
11922,664f7ee236cf90b9bbe8cc84,240.0,Under
11923,664f7ee236cf90b9bbe8cc85,231.0,Under
11924,664f7ee236cf90b9bbe8cc86,216.5,Over
11925,664f7ee236cf90b9bbe8cc87,232.5,Under
11926,664f7ee236cf90b9bbe8cc88,229.0,Over
11927,664f7ee236cf90b9bbe8cc89,217.5,Over
11928,664f7ee236cf90b9bbe8cc8a,239.0,Under
11929,664f7ee236cf90b9bbe8cc8b,235.5,Under
11933,664f7ee236cf90b9bbe8cc8f,234.0,Under
11935,664f7ee236cf90b9bbe8cc91,223.0,Over
11936,664f7ee236cf90b9bbe8cc92,233.5,Over
11937,664f7ee236cf90b9bbe8cc93,227.0,Under
11938,664f7ee236cf90b9bbe8cc94,229.5,Under
11939,664f7ee236cf90b9bbe8cc95,225.5,Under
11940,664f7ee236cf90b9bbe8cc96,235.0,Over
11941,664f7ee236cf90b9bbe8cc97,239.5,Under
11942,664f7ee236cf90b9bbe8cc98,238.5,Under
11943,664f7ee236cf90b9bbe8cc99,239.5,Over
11945,664f7ee236cf90b9bbe8cc9b,225.0,Over
11946,664f7ee236cf90b9bbe8cc9c,220.0,Over
11948,664f7ee236cf90b9bbe8cc9e,232.5,Over
11949,664f7ee236cf90b9bbe8cc9f,225.0,Under
11952,664f7ee236cf90b9bbe8cca2,226.5,Under
11953,664f7ee236cf90b9bbe8cca3,227.0,Under
11954,664f7ee236cf90b9bbe8cca4,231.0,Under
11955,664f7ee236cf90b9bbe8cca5,225.5,Over
11956,664f7ee236cf90b9bbe8cca6,235.0,Under
11957,664f7ee236cf90b9bbe8cca7,226.5,Under
11958,664f7ee236cf90b9bbe8cca8,241.5,Under
11959,664f7ee236cf90b9bbe8cca9,226.0,Under
11960,664f7ee236cf90b9bbe8ccaa,231.0,Over
11961,664f7ee236cf90b9bbe8ccab,225.5,Under
11962,664f7ee236cf90b9bbe8ccac,238.0,Under
11963,664f7ee236cf90b9bbe8ccad,214.5,Under
11964,664f7ee236cf90b9bbe8ccae,241.5,Under
11965,664f7ee236cf90b9bbe8ccaf,233.0,Under
11966,664f7ee236cf90b9bbe8ccb0,232.0,Over
11968,664f7ee236cf90b9bbe8ccb2,236.0,Under
11969,664f7ee236cf90b9bbe8ccb3,216.0,Under
11970,664f7ee236cf90b9bbe8ccb4,223.0,Under
11971,664f7ee236cf90b9bbe8ccb5,225.5,Under
11972,664f7ee236cf90b9bbe8ccb6,233.5,Over
11973,664f7ee236cf90b9bbe8ccb7,228.5,Under
11974,664f7ee236cf90b9bbe8ccb8,220.0,Under
11975,664f7ee236cf90b9bbe8ccb9,232.0,Over
11976,664f7ee236cf90b9bbe8ccba,233.0,Under
11977,664f7ee236cf90b9bbe8ccbb,238.5,Over
11978,664f7ee236cf90b9bbe8ccbc,236.5,Over
11979,664f7ee236cf90b9bbe8ccbd,235.5,Under
11980,664f7ee236cf90b9bbe8ccbe,236.0,Under
11981,664f7ee236cf90b9bbe8ccbf,233.5,Under
11985,664f7ee236cf90b9bbe8ccc3,215.5,Under
11986,664f7ee236cf90b9bbe8ccc4,222.5,Over
11987,664f7ee236cf90b9bbe8ccc5,233.0,Under
11990,664f7ee236cf90b9bbe8ccc8,232.0,Under
11993,664f7ee236cf90b9bbe8cccb,238.5,Under
11996,664f7ee236cf90b9bbe8ccce,240.0,Under
11997,664f7ee236cf90b9bbe8cccf,227.5,Under
11998,664f7ee236cf90b9bbe8ccd0,215.5,Over
11999,664f7ee236cf90b9bbe8ccd1,222.5,Over
12001,664f7ee236cf90b9bbe8ccd3,234.0,Under
12004,664f7ee236cf90b9bbe8ccd6,228.5,Under
12005,664f7ee236cf90b9bbe8ccd7,222.5,Over
12006,664f7ee236cf90b9bbe8ccd8,220.0,Under
12008,664f7ee236cf90b9bbe8ccda,231.0,Over
12009,664f7ee236cf90b9bbe8ccdb,228.5,Over
13780,664f7ee236cf90b9bbe8ce37,227.0,Under
13783,664f7ee236cf90b9bbe8ce3a,229.0,Under
13784,664f7ee236cf90b9bbe8ce3b,245.0,Over
13785,664f7ee236cf90b9bbe8ce3c,231.5,Over
13787,664f7ee236cf90b9bbe8ce3e,234.5,Under
13788,664f7ee236cf90b9bbe8ce3f,231.5,Over
13789,664f7ee236cf90b9bbe8ce40,227.5,Over
13790,664f7ee236cf90b9bbe8ce41,222.0,Under
13793,664f7ee236cf90b9bbe8ce44,223.0,Over
13798,664f7ee236cf90b9bbe8ce49,235.0,Under
13799,664f7ee236cf90b9bbe8ce4a,234.5,Over
13802,664f7ee236cf90b9bbe8ce4d,231.5,Over
13805,664f7ee236cf90b9bbe8ce50,221.0,Over
13806,664f7ee236cf90b9bbe8ce51,240.0,Under
13810,664f7ee236cf90b9bbe8ce55,236.5,Under
13814,664f7ee236cf90b9bbe8ce59,233.0,Under
13815,664f7ee236cf90b9bbe8ce5a,228.0,Over
13816,664f7ee236cf90b9bbe8ce5b,231.5,Over
13818,664f7ee236cf90b9bbe8ce5d,217.5,Under
13819,664f7ee236cf90b9bbe8ce5e,233.0,Over
13820,664f7ee236cf90b9bbe8ce5f,240.0,Over
13821,664f7ee236cf90b9bbe8ce60,229.5,Under
13822,664f7ee236cf90b9bbe8ce61,242.5,Over
13824,664f7ee236cf90b9bbe8ce63,228.5,Under
13825,664f7ee236cf90b9bbe8ce64,229.0,Over
13831,664f7ee236cf90b9bbe8ce6a,233.5,Over
13832,664f7ee236cf90b9bbe8ce6b,226.5,Over
13833,664f7ee236cf90b9bbe8ce6c,235.5,Under
13834,664f7ee236cf90b9bbe8ce6d,224.0,Under
13835,664f7ee236cf90b9bbe8ce6e,228.0,Over
13836,664f7ee236cf90b9bbe8ce6f,230.0,Over
13837,664f7ee236cf90b9bbe8ce70,237.0,Over
13838,664f7ee236cf90b9bbe8ce71,228.0,Over
13839,664f7ee236cf90b9bbe8ce72,229.0,Under
13840,664f7ee236cf90b9bbe8ce73,227.5,Over
13841,664f7ee236cf90b9bbe8ce74,218.5,Over
13842,664f7ee236cf90b9bbe8ce75,233.0,Over
13843,664f7ee236cf90b9bbe8ce76,227.5,Over
13844,664f7ee236cf90b9bbe8ce77,227.5,Over
13845,664f7ee236cf90b9bbe8ce78,239.0,Under
13846,664f7ee236cf90b9bbe8ce79,232.5,Over
13850,664f7ee236cf90b9bbe8ce7d,230.5,Under
13851,664f7ee236cf90b9bbe8ce7e,242.0,Over
13853,664f7ee236cf90b9bbe8ce80,226.0,Under
13856,664f7ee236cf90b9bbe8ce83,212.5,Under
13858,664f7ee236cf90b9bbe8ce85,229.0,Under
13859,664f7ee236cf90b9bbe8ce86,234.0,Under
13860,664f7ee236cf90b9bbe8ce87,229.0,Under
13938,664f7ee336cf90b9bbe8d3e7,206.5,Under
13939,664f7ee336cf90b9bbe8d3e8,214.0,Over
13940,664f7ee336cf90b9bbe8d3e9,233.0,Under
13941,664f7ee336cf90b9bbe8d3ea,223.5,Under
13942,664f7ee336cf90b9bbe8d3eb,209.5,Under
13943,664f7ee336cf90b9bbe8d3ec,213.5,Under
13944,664f7ee336cf90b9bbe8d3ed,209.0,Over
13945,664f7ee336cf90b9bbe8d3ee,223.5,Under
13946,664f7ee336cf90b9bbe8d3ef,202.0,Under
13947,664f7ee336cf90b9bbe8d3f0,209.5,Under
13948,664f7ee336cf90b9bbe8d3f1,223.0,Under
13949,664f7ee336cf90b9bbe8d3f2,211.5,Under
13950,664f7ee336cf90b9bbe8d3f3,220.5,Over
13951,664f7ee336cf90b9bbe8d3f4,215.5,Under
13952,664f7ee336cf90b9bbe8d3f5,198.5,Over
13953,664f7ee336cf90b9bbe8d3f6,203.5,Over
13954,664f7ee336cf90b9bbe8d3f7,215.0,Over
13955,664f7ee336cf90b9bbe8d3f8,224.0,Over
13956,664f7ee336cf90b9bbe8d3f9,211.0,Under
13957,664f7ee336cf90b9bbe8d3fa,208.5,Over
13958,664f7ee336cf90b9bbe8d3fb,201.5,Under
13959,664f7ee336cf90b9bbe8d3fc,218.0,Over
13960,664f7ee336cf90b9bbe8d3fd,209.0,Under
13961,664f7ee336cf90b9bbe8d3fe,209.5,Over
13962,664f7ee336cf90b9bbe8d3ff,216.5,Over
13963,664f7ee336cf90b9bbe8d400,210.5,Over
13964,664f7ee336cf90b9bbe8d401,217.0,Under
13966,664f7ee336cf90b9bbe8d402,203.0,Over
13967,664f7ee336cf90b9bbe8d403,216.5,Under
13969,664f7ee336cf90b9bbe8d405,209.0,Over
13972,664f7ee336cf90b9bbe8d406,200.5,Over
13973,664f7ee336cf90b9bbe8d407,215.5,Over
13974,664f7ee336cf90b9bbe8d408,207.5,Over
13981,664f7ee336cf90b9bbe8d40a,195.5,Over
13982,664f7ee336cf90b9bbe8d40b,209.0,Under
13983,664f7ee336cf90b9bbe8d40c,215.0,Under
13984,664f7ee336cf90b9bbe8d40d,202.5,Over
13985,664f7ee336cf90b9bbe8d40e,210.5,Over
13986,664f7ee336cf90b9bbe8d40f,209.5,Under
13987,664f7ee336cf90b9bbe8d410,205.0,Under
13989,664f7ee336cf90b9bbe8d412,203.5,Under
13991,664f7ee336cf90b9bbe8d413,198.5,Over
13997,664f7ee336cf90b9bbe8d415,207.5,Under
13998,664f7ee336cf90b9bbe8d416,204.5,Over
13999,664f7ee336cf90b9bbe8d417,203.5,Over
14000,664f7ee336cf90b9bbe8d418,206.0,Over
14001,664f7ee336cf90b9bbe8d419,204.5,Under
14003,664f7ee336cf90b9bbe8d41b,217.0,Over
14004,664f7ee336cf90b9bbe8d41c,222.5,Over
14005,664f7ee336cf90b9bbe8d41d,225.5,Under
14006,664f7ee336cf90b9bbe8d41e,218.0,Under
14007,664f7ee336cf90b9bbe8d41f,215.0,Under
14008,664f7ee336cf90b9bbe8d420,218.5,Over
14009,664f7ee336cf90b9bbe8d421,219.0,Under
14010,664f7ee336cf90b9bbe8d422,213.5,Under
14011,664f7ee336cf90b9bbe8d423,216.0,Under
14012,664f7ee336cf90b9bbe8d424,212.5,Under
14013,664f7ee336cf90b9bbe8d425,216.0,Over
14014,664f7ee336cf90b9bbe8d426,208.5,Over
14015,664f7ee336cf90b9bbe8d427,208.5,Over
14017,664f7ee336cf90b9bbe8d428,208.5,Over
14018,664f7ee336cf90b9bbe8d429,212.0,Under
14019,664f7ee336cf90b9bbe8d42a,211.0,Under
14020,664f7ee336cf90b9bbe8d42b,208.0,Over
14021,664f7ee336cf90b9bbe8d42c,205.5,Over
